farsnet_word,sense_frequency
خط,28
برداشتن,25
سر,24
گرفتن,23
جا,20
بار,19
کشيدن,19
زدن,19
کار,18
دست,17
دم,16
طرح,15
راه,14
درجه,14
بخش,14
خوردن,14
دوره,14
پشت,13
شير,13
بند,13
رسيدن,12
چيز,12
آرام,12
زبان,12
دسته,12
انداختن,12
حساب,11
نگه‌داشتن,11
ميدان,11
گاز,11
جهان,11
ارتباط,11
پريدن,11
سرويس,11
بستن,11
پذيرفتن,11
گل,11
رشته,11
کرم,11
دنيا,11
اثر,11
واحد,11
گذشتن,11
آب,11
برگرداندن,10
شانه,10
ميزان,10
مهر,10
نمونه,10
خانه,10
پايه,10
بازي,10
دل,10
ساختن,10
خواستن,10
نتيجه,10
مغز,10
ايستادن,10
پيوند,10
خواندن,10
نظر,9
کنترل,9
تار,9
سال,9
بزرگ,9
زندگي,9
بردن,9
سهم,9
سرباز,9
ساعت,9
خير,9
مثبت,9
زمين,9
کندن,9
صورت,9
پرده,9
سايه,9
فهميدن,9
شکستن,9
روز,9
کف,9
جمع کردن,9
زمان,9
دور,9
انقلاب,9
رفتن,9
گشتن,9
گروه,9
زير,9
صحنه,8
عشق,8
آخر,8
پست,8
سمت,8
ماده,8
خواباندن,8
کل,8
شکل,8
اصل,8
رابطه,8
کار کردن,8
حکم,8
بودن,8
نقطه,8
جمع,8
حال,8
عالم,8
دستي,8
قسمت,8
حاشيه,8
سبک,8
دفتر,8
پا,8
سطح,8
دليل,8
عمل,8
جايگاه,8
محل,8
موقعيت,8
جامعه,8
صاف کردن,8
طرف,8
رشد,8
راست,8
تن,8
رد کردن,8
مرکز,8
شاهد,8
ماندن,8
مستقيم,8
دين,8
سياست,8
روي,8
جريان,8
گذشته,8
سوختن,8
گرده,8
بازار,8
کمک,8
نيرو,8
برپا کردن,8
قرار,8
ترک,8
درهم,8
موضوع,8
جزء,8
تاريخ,7
اول,7
فضا,7
تند,7
دينار,7
نماينده,7
حامي,7
عطف,7
خاک,7
رسيدگي کردن,7
توان,7
مقام,7
جابه‌جايي,7
جمع شدن,7
در,7
قانون,7
نوشتن,7
عامل,7
حد,7
صرف,7
برخورد,7
سالم,7
درست کردن,7
خراب,7
بسته,7
سلام,7
پول,7
تير,7
باز کردن,7
کره,7
جهت,7
صفحه,7
شاسي,7
حق,7
پدر,7
ساده,7
شيلينگ,7
جان,7
دارايي,7
هيئت,7
باز,7
نقش,7
نشستن,7
خوب,7
گذراندن,7
سير,7
تبديل,7
ترکيب,7
منبع,7
جدا شدن,7
امر,7
برنامه,7
به وجود آوردن,7
آدم,7
نسبت,7
شيري,7
آهنگ,7
گيره,7
عمل کردن,7
ميل,7
رسيدگي,7
نفتي,7
شتري,7
خان,7
رو,7
پزو,7
بعد,7
چين,7
شماره,7
صدا,7
محور,7
آوردن,7
ضعيف,7
دادن,7
محيط,6
دال,6
جذب,6
کوتاه,6
حمل,6
مسئله,6
جلودار,6
چک,6
آتش,6
چهره,6
پرداختن,6
بنيان,6
حمله,6
علاقه,6
ستاره,6
تصوير,6
هوا,6
صندوق,6
جا انداختن,6
خرد,6
شب,6
خوابيدن,6
گرد,6
مورد,6
ثابت,6
ترتيب,6
ماه,6
انتها,6
انتقال دادن,6
ارتفاع,6
انگاره,6
ول کردن,6
خمار,6
نمايش,6
مرد,6
چرخيدن,6
دنبال کردن,6
نقل,6
مسير,6
محکم,6
بسته شدن,6
کانال,6
جدول,6
پاک کردن,6
بنياد,6
قدرت,6
قدر,6
کشتي,6
درخشيدن,6
متوجه شدن,6
کوته,6
نهاد,6
جدي,6
طول,6
ملک,6
انسان,6
وجه,6
شرکت,6
خارج کردن,6
لب,6
عنوان,6
اعتبار,6
شور,6
وقت,6
تکرار,6
چاپ,6
توجه,6
سکو,6
بادي,6
روپيه,6
خوبي,6
انباشتن,6
برد,6
مجلس,6
کليد,6
فصل,6
علم,6
تيغ,6
رويه,6
نظام,6
سرمايه,6
رئيس,6
دفاع,6
ابتدا,6
توليد,6
منفي,6
اطلاعات,6
نرم,6
شناسايي,6
عصر,6
پيش,6
نشاندن,6
جام,6
دستور,6
اندازه,6
کاهش,6
ريال,6
بد,6
خزانه,6
چنگال,6
انجام دادن,6
منطقه,6
عمر,6
رديف,6
سو,6
آينده,6
پيچيدن,6
راه انداختن,6
سوزاندن,6
دستگاه,6
پي,6
خبر,6
تور,6
مدعي,6
رد,6
ريختن,6
خاکي,6
برگشتن,6
سنگين,6
ناراحت,6
سيستم,6
نشان,6
صاف,6
هدايت,6
ساختار,6
فشار,6
کانون,6
خطا,6
گرم,6
ظرفيت,6
خارج,5
نور,5
رسمي,5
پاک,5
داده,5
گزارش,5
نوشته,5
فرستادن,5
تمام شدن,5
گوشه,5
بيان,5
محافظ,5
پايين,5
بال,5
تخريب,5
ضربي,5
اجرا کردن,5
نشان دادن,5
فراز آوردن,5
خالي کردن,5
روشن کردن,5
شخصيت,5
هفته,5
دست‌به‌نقد,5
روشن,5
حاصل,5
ضرورت,5
باقي‌مانده,5
اضافه,5
نشانه,5
پايداري,5
کرسي,5
سن,5
چهارپاره,5
مانع,5
درآوردن,5
فرمان,5
سنجيدن,5
دوشيزه,5
سري,5
سختي,5
خارجي,5
بالا کشيدن,5
مثل,5
تمام کردن,5
حاضر,5
حسابي,5
ته,5
کارت,5
بالا زدن,5
سه,5
عضو,5
راندن,5
خطر,5
نوبت,5
دام,5
دامنه,5
ضبط کردن,5
سست,5
کند,5
مدار,5
گردش,5
برگشت,5
مدرک,5
سازمان,5
شبکه,5
نظم,5
نوک,5
انتقال,5
فرهنگ,5
ذکر,5
گوشي,5
پرسشگر,5
جا بازکردن,5
گستردن,5
قطع کردن,5
جايگه,5
مهره,5
سير کردن,5
بلند شدن,5
حضور,5
مسئول,5
واداشتن,5
بهره,5
بن,5
گسترش دادن,5
داغ,5
عسلي,5
جا گذاشتن,5
گبر,5
جا افتادن,5
سرور,5
پايان,5
سخت,5
برق,5
گذاشتن,5
مفهوم,5
دودي,5
عمليات,5
گرفتگي,5
نقاش,5
ساخت,5
ويژگي,5
واگذار کردن,5
بي‌نظمي,5
خاموش,5
سابقه,5
گران,5
آتشدان,5
قبضه,5
فرد,5
حيرت,5
مقاومت,5
روان,5
جنگ,5
مشکل,5
درک کردن,5
دوران,5
جدا کردن,5
مد,5
يکسر,5
بلندي,5
جدا ساختن,5
آباد,5
برعکس,5
تنگ شدن,5
منتقل شدن,5
کلک,5
روش,5
تأييد کردن,5
صبح,5
بررسي کردن,5
فن,5
حالت,5
بررسي,5
ابزار,5
ناحيه,5
کشتن,5
رفتار,5
طراحي,5
جفت,5
مشقت,5
گند,5
قبول کردن,5
پذيرش,5
لخت,5
خنثي,5
قلم,5
سربرآوردن,5
سم,5
سودا,5
طراحي کردن,5
کارگر,5
حفره,5
اشتباه,5
گام,5
ديدن,5
بانک,5
انتشار,5
صفر,5
خدمت,5
نابودي,5
آمدن,5
گونه,5
استفاده,5
پوشاندن,5
افتادن,5
دريده,5
پارک,5
رأي,5
دير,5
ميزبان,5
سوراخ,5
آزادي,5
بچه,5
پخش کردن,5
سپردن,5
خضاب,5
ساکت,5
تعريف,5
تکه,5
شنيدن,5
استقبال,5
کناره,5
استقامت,5
کتاب‌خانه,5
تاباندن,5
استقلال,5
جرم,5
هوشيار,5
تسليم,5
آزاد,5
پر,5
تناسب,5
تشخيص,5
وظيفه,5
فکر,5
پوسته,5
جو,5
خز,5
پرداخت,5
خراب کردن,5
کم,5
حفظ کردن,5
فکر کردن,5
دکوراسيون,5
کرون,5
خراب شدن,5
آبي,5
هسته,5
شکار,5
بورس,5
جلو,5
رضا,5
مولود,5
کپي کردن,5
ذخيره,5
استاد,5
مربي,5
شکارچي,5
وضع,5
ترکمن,5
تخت,5
کوبيدن,5
علامت,5
باب,5
تنظيم کردن,5
آب شدن,5
قرص,5
کاشتن,5
آقا,5
خشن,5
جستن,5
بيرون دادن,5
از بين بردن,5
بيرون کردن,5
زنجيره,5
حلقه,5
امتياز,5
حاکم,5
خلاف,5
زنگ,5
مرگ,5
مجموعه,5
فيلم,5
محرم,5
از بين رفتن,5
تک,5
نيمه,5
سوم,5
قرارداد,5
تيز,5
خشک,5
شيوه,5
پهن,5
پسنديدن,4
پس‌وپيش,4
پانزده دي,4
مهرباني,4
ادامه دادن,4
آذري,4
مهمان,4
ترسيدن,4
پالش,4
عقب,4
پانزدهم دي,4
ادراک,4
آبادان,4
قيام,4
دماوند,4
سوار کردن,4
برش,4
اداره,4
پشتيباني,4
پشتيبان,4
برنده,4
ادا,4
قيد,4
آداب‌ورسوم,4
ادا درآوردن,4
مهاجم,4
ضايع,4
ضبط,4
دوم ارديبهشت,4
اخطار,4
اخلاقي,4
بره,4
داستان,4
دوچرخه‌سوار,4
زيرزباني,4
گوشواره,4
معاون,4
دم‌دار,4
قطر,4
پاياپاي,4
ظهر,4
ياري,4
سرپرست,4
معرفي کردن,4
15 دي,4
مطلب,4
دلار,4
عبارت,4
1 تير,4
بي‌دقت,4
يکرو,4
دلاور,4
پابرهنه,4
سه‌گانه,4
دست کشيدن,4
سخن,4
معماري,4
يار,4
گوينده,4
سرفصل,4
دشواري,4
قوه,4
يواش,4
معلوم,4
بي‌صدا,4
بي‌مزه,4
پايدار,4
قشنگ,4
دم‌کرده,4
بيمه,4
دنا,4
دست زدن,4
مفتي,4
مهار,4
لطف,4
تردست,4
ورودي,4
ورود,4
مشابه,4
طبق,4
گستره,4
ورق,4
وحشتناک,4
تحليل,4
گريزان,4
دراز,4
اجرا,4
بشر,4
سني,4
بست,4
تخته,4
اجازه,4
طبقه,4
بلند کردن,4
تجمع,4
تجديد,4
پزشکي,4
پرکننده,4
مسدس,4
اخترشمار,4
برگ,4
دوش,4
مسخره,4
بزرگي,4
مسئوليت,4
گسترده شدن,4
بلند,4
بي‌توجهي,4
سازه,4
تجاوز کردن,4
لطيف,4
درباز,4
منتقل کردن,4
گاو,4
برداشت,4
برائت,4
تصديق داشتن,4
ديلم,4
تصديق کردن,4
بر,4
کپي نمودن,4
کپي,4
ارزش,4
برابر,4
ديسک,4
تشريفات,4
تشريفاتي,4
هوا گرفتن,4
خوني,4
تصادفي,4
ترکيب کردن,4
آرامش,4
پروانه,4
زيبا,4
سند,4
تحريک کردن,4
صندل,4
صوت,4
برخورد کردن,4
ترک کردن,4
ليمو,4
ارائه کردن,4
زياد,4
تست,4
هوشياري,4
مسابقه,4
آراسته,4
ترياکي,4
ليسانس,4
سرد,4
مفسر,4
يکه‌تاز,4
سياه,4
دکور,4
زردشتي,4
تنظيم,4
زرتشتي,4
بدر,4
فندقي,4
هشيار,4
هفتم,4
هزار,4
تمثيل,4
خم شدن,4
هنر,4
پياده,4
مرکب,4
سياه کردن,4
کيفور,4
راحت,4
خواب,4
ارس,4
مشهدي,4
دريافتن,4
دريافت,4
خواننده,4
کوفتن,4
پيش آمدن,4
کوفته,4
اساس,4
بده‌بستان,4
صرف کردن,4
مريم,4
زن,4
فوت,4
سيما,4
همراه,4
زنده,4
تعهد,4
سرخ شدن,4
کيش,4
ارگ,4
سياه شدن,4
سيل,4
خودبه‌خود,4
هفت,4
بازگشت,4
بالا,4
هل,4
پيش‌قراول,4
عميق,4
همخوان,4
خود,4
سينا,4
زبده,4
وارد شدن,4
علفي,4
کيسه,4
صامت,4
کوچک,4
تقدير,4
تعيين کردن,4
ميان,4
تمام,4
بحث,4
بالا رفتن,4
آزاد کردن,4
تضمين,4
مرغ,4
بافت,4
پيشرو,4
پوشيده,4
مردن,4
همانند,4
بامداد,4
سفر,4
ولي,4
سبب,4
بهايي,4
دو ارديبهشت,4
وعده,4
قدي,4
عروس,4
سلسله,4
قدم,4
دو,4
تاج,4
قرار گرفتن,4
ملاحظه کردن,4
لاک,4
سلاح,4
عرق,4
طريقه,4
درد,4
طفيلي,4
تابلو,4
دهانه,4
2 ارديبهشت,4
يکم تير,4
گيرنده,4
سرطان,4
گيج,4
عاميانه,4
بيست,4
يک,4
4 شهريور,4
معرفي,4
گير انداختن,4
بيرون,4
بيرون آمدن,4
عجب,4
يک تير,4
قوس,4
گفتن,4
قبولي,4
بنا,4
مشت,4
طهارت,4
مقابله کردن,4
سرگذشت,4
پايين‌دست,4
سرگردان,4
بي‌نمک,4
دستان,4
گناهکار,4
قرباني,4
ساکن شدن,4
ساکن,4
لايه,4
عرصه,4
لايه‌اي,4
گماشتن,4
ده,4
درک,4
پختن,4
اتحاد,4
طبيعي,4
درخواست,4
سلماني,4
مشخصه,4
وضعيت,4
گلستان,4
وسيله,4
گندمي,4
اتاق,4
ساکت شدن,4
دست‌خط,4
دست [کسي] آمدن,4
سستي,4
پتروشيمي,4
تربيت,4
بلوک,4
لودگي,4
جا‌به‌جا,4
کلام,4
جاروکش,4
نفر,4
جاري,4
نغمه‌پرداز,4
نازک,4
فر,4
نوع,4
کشف,4
جا دادن,4
جا داشتن,4
اصلاح کردن,4
کر,4
فراري,4
آلبالويي,4
ايجاد کردن,4
خانواده,4
مددکار,4
روند,4
خاموشي,4
فرصت,4
رسم‌ورسوم,4
چهارم شهريور,4
کشيده,4
انرژي,4
نقد,4
کش‌و‌قوس,4
جمعيت,4
شديد,4
کشيده شدن,4
جانور,4
چهار شهريور,4
آويزه,4
اطمينان,4
جاني,4
خانم,4
جا زدن,4
کلاس,4
غواص,4
جلب کردن,4
حقيقت,4
کروبي,4
محکمه,4
افسون‌گر,4
افزودن,4
فراهم کردن,4
روزانه,4
شش,4
حلال,4
چپ,4
چهل,4
فراز کردن,4
نوا,4
جا کردن,4
حل,4
ناموزون,4
حس,4
نمره,4
کد,4
اصلاح,4
قهرمان,4
افزايش,4
چکيده,4
جلسه,4
شعر,4
جستجو کردن,4
محک,4
رفت‌و‌آمد کردن,4
مخالف,4
شروع,4
افتضاح,4
حمايت,4
فراگرفتن,4
نقاشي,4
حسن,4
ناکامي,4
کامل,4
جوي,4
حجت,4
شکست,4
شناختن,4
فعاليت,4
آموزش,4
عنصر,4
امام,4
جوان,4
بازوبند,4
پيچ,4
الکي,4
سينه,4
رواني,4
مالک,4
نزديک,4
استخواني,4
نسخه,4
مانده,4
استعداد,4
بريدن,4
مينا,4
امتياز دادن,4
محرک,4
صادر کردن,4
فعال,4
سيه,4
خلاصه,4
نر,4
فانتزي,4
آماده,4
ره,4
بازرسي,4
فتوکپي,4
کنار,4
استوار,4
متحد شدن,4
توسعه,4
شناور,4
هادي,4
کهنه,4
حافظ,4
انفعال,4
جمله,4
انديشه,4
الان,4
فراز آمدن,4
ناپاک,4
غيررسمي,4
رقم,4
حس کردن,4
شدت,4
خالق,4
بازدارنده,4
کبابي,4
جوش‌خورده,4
صاحب,4
مالکي,4
ماليدن,4
فاسد,4
محدود,4
پيکان,4
پيچاندن,4
عوض کردن,4
مرتبه,4
عيار,4
روايت,4
رهبر,4
مردانه,4
حافظه,4
جگري,4
ماما,4
آغاز,4
پيله,4
کش‌دار,4
جاافتاده,4
نظم‌وترتيب,4
حرفه‌اي,4
نعش‌کش,4
کثيف,4
مدل,4
خدمت کردن,4
تکليف,4
روح,4
روحاني,4
نابود کردن,4
آژانس,4
شايسته,4
شيرين,4
شايستگي,4
آلودن,4
شيار,4
آشوب,4
کليشه‌سازي,4
کارشناسي,4
اشراق,4
شبرنگ,4
ثبت کردن,4
نادرست,4
رويان,4
آيين,4
رنگ,4
ني,4
اشتياق,4
مبلغ,4
شبانه,4
شمردن,4
شبيه,4
نغمه‌ساز,4
نغمه‌سرا,4
آلوده,4
نابهنگام,4
چشم‌بسته,4
برگه,4
احساس,4
احتياط,4
دوري,4
دور کردن,4
گره,4
تخليه کردن,4
تخم,4
گرمي,4
دوست داشتن,4
ترتيب دادن,4
ترازو,4
اختلال,4
حيات,4
دولت,4
واسطه,4
منظم کردن,4
سنگ‌چين,4
نابه‌وقت,4
دانه,4
انتخاب,4
چسبيدن,4
کارگاه,4
آپاچي,4
رخ دادن,4
انتظار,4
اشتغال,4
نياز,4
نخودي,4
غيرمستقيم,4
حذف کردن,4
گرفته,4
دانگ,4
سنگيني,4
واقعيت,4
ثبات,4
حذف,4
مبنا,4
ايمپلنت,4
ناآزموده,4
آگاهانه,4
فرونشاندن,4
حجم,4
آلوده ساختن,4
ناانديشيده,4
کمان,4
شيطان,4
ريزريز,4
ربودن,4
ريسه,4
آسيب,4
مبارزه,4
خرده‌فروشي,4
شيشه‌پاک‌کن,4
رنگ‌ساز,4
حنفي,4
شيشه‌شور,4
نه,4
غيرحرفه‌اي,4
ناظر,4
اول تير,4
آسمان,4
خادم,4
اعتماد,4
متوقف کردن,4
کشاورزي,4
آفتاب‌مهتاب,4
حنبلي,4
چيني,4
آهسته,4
حمله کردن,4
اهليت,4
انساني,4
تکثير,4
حوزه,4
چرخاندن,4
خروجي,4
انباشته کردن,4
فشرده,4
باد کردن,4
نگهبان,4
نگراني,4
شاخه,4
مذهب,4
تيره,4
بادامي,4
مکعب,4
عکس,4
مايع,4
چرخش,4
مکتوب,4
شيوا,4
مايل,4
نگاه,4
کت,4
نکته,4
تک‌تک,4
آلوده کردن,4
شکاف,4
چرت,4
شيشه,4
اکثريت,4
شاه,4
نابايست,4
ريشه,4
نگاشتن,4
توقف,4
مکانيک,4
رگ‌وريشه,4
شيشه‌شوي,4
گذر,3
خرابي,3
مخاطب,3
خواهش کردن,3
نابساماني,3
شکوفه,3
راننده,3
خوب بودن,3
آب‌بر,3
گداختن,3
عقد,3
اتاقک,3
حلب,3
مصرف,3
آب بستن,3
افزوني,3
طراز,3
کرک,3
کرکس,3
ناميدن,3
افراطي,3
کولون,3
مخاطره,3
دوطرفه,3
ابتدايي,3
اصفهان,3
اختلاف داشتن,3
خلق کردن,3
غرا,3
آزمايش,3
عرضه داشتن,3
رساندن,3
مشغول شدن,3
طغيان,3
استادکار,3
مردم,3
دولاپهنا,3
عرضه,3
دار,3
منظور,3
ميز,3
استارتر,3
دولا,3
گرفت‌وگير,3
ضدويروس,3
دهر,3
صالح,3
صدفي,3
عقبه,3
خرازي,3
حل‌کردن,3
مديريت,3
آبگينه,3
مختصر,3
گفت‌گو کردن,3
مرتب,3
عوض شدن,3
آراستن,3
موميايي,3
ديد,3
دم‌بريده,3
آقاسي,3
اسير,3
حق‌شناس,3
داخل,3
ذره,3
داخل شدن,3
عوض,3
مشتري,3
ذخيره کردن,3
گاه‌شمار,3
مهمان‌دار,3
استعفا,3
گوش دادن,3
صاحب‌سخن,3
مهمان‌خانه,3
صدمه,3
داخلي,3
کناري,3
داد,3
دم‌کردن,3
ميانه,3
گورکن,3
ادراک کردن,3
عقب‌مانده,3
ضرر,3
آفرينش,3
دميدن,3
دست‌نويس,3
مفارقت,3
عزا,3
آفريدگار,3
ناآگاه,3
ميهمان,3
مصدوم,3
ظلمت,3
خواست,3
درست,3
مغرب,3
خرج کردن,3
ارابه‌ران,3
داخله,3
ناآگاهانه,3
عطار,3
صاف‌وصوف,3
غرق کردن,3
ناز,3
دهم ارديبهشت,3
دهم آبان,3
دوآتشه,3
رديف کردن,3
خلال,3
آشفته,3
کلاف,3
آب‌ورز,3
استاندارد,3
خبر دادن,3
آستانه,3
دهليز,3
رأس,3
خلق,3
منفي کردن,3
کلفت,3
گردويي,3
شيدا,3
استخراج,3
رز,3
کنگره,3
آشنا,3
شيب‌سنج,3
استتار,3
درمقابل,3
کلاش,3
صادق,3
اعتدال,3
کرونا,3
راحتي,3
شيره,3
خدا,3
اعتباري,3
طرفداري,3
مقاوم,3
ناجور,3
گردان,3
خاتمه دادن,3
دوم,3
داوطلب,3
ناجوري,3
گردآوري,3
خارج شدن,3
آبريز,3
اخراج کردن,3
ابري,3
گل‌ريزان,3
اعتقاد داشتن,3
ميخکوب,3
خارج ساختن,3
غربي,3
گله‌مند,3
ناراحتي,3
آشنايي,3
رستن,3
گمراه کردن,3
راز,3
کفي,3
مقرري,3
مردم‌سالاري,3
کنفي,3
رد شدن,3
غريبه,3
راست‌گرد,3
خاموش کردن,3
درمان,3
غريب,3
عمومي,3
منظم,3
ناسازگار,3
ناخوشايند,3
صاحب‌خانه,3
گمنام,3
گرما,3
خلل,3
مقياس,3
خانه‌دار,3
راديکال,3
ملخ,3
خفه,3
اشک,3
طلاسازي,3
ناراست,3
گله‌دار,3
غرغره,3
راسته,3
عنايت,3
منعکس کردن,3
گرفتاري,3
نار,3
مرخصي,3
مدرسه,3
مقصود,3
طلايي,3
غرب,3
گله,3
گرفتار کردن,3
ناديده گرفتن,3
عراقي,3
اصلاح‌کردن,3
گمرک,3
خبرچين,3
کنه,3
گاوچران,3
جان کندن,3
خرافاتي,3
لمس کردن,3
بخارپز,3
توزرد,3
زال,3
توس,3
بشاش,3
واگذاشتن,3
تحصيل,3
مارمولک,3
له,3
ساختگي,3
پري,3
تخصصي,3
بزغاله,3
خمودي,3
نوبتي,3
تفنني,3
چهارم,3
تحول,3
آويزان,3
سنگ,3
لنگ,3
بستر,3
سکس,3
تحقيق,3
بخت,3
حوت,3
واگذار نمودن,3
مرده‌کش,3
عقاب,3
مخرج,3
خواب‌زده,3
عدسي,3
ضربه,3
گودي,3
دايره,3
کشاندن,3
شيريني,3
آفتاب‌پرست,3
آب کشيدن,3
مدهوش,3
آفت,3
کشت,3
مفصل,3
ظرافت,3
کوسه,3
رامشگري,3
شگرد,3
صياد,3
گوجه‌اي,3
اثر گذاشتن,3
تجزيه کردن,3
توري,3
اول دي,3
بغلي,3
تجويز,3
بزرگ کردن,3
همسر,3
برگزيدن,3
نگريستن,3
پر کردن,3
شتاب‌زده,3
نگفتني,3
فرفره,3
ايجاد,3
ايجاد شدن,3
نگهباني,3
پوشيدن,3
ماهي,3
فرع,3
بداخلاق,3
قاعده,3
نوزده فروردين,3
تذکير,3
قاطي کردن,3
ترادف,3
زيگزاگ,3
بادقت,3
هاج‌وواج,3
لغو,3
وجود,3
پرواز کردن,3
تجلي,3
سنبله,3
تجربه,3
بلاتکليف,3
پرنده,3
تجربه کردن,3
قائم,3
وحشي,3
تحريم,3
پرو,3
همزه,3
فرستنده,3
نوباوگي,3
بشکه,3
سياه‌رو,3
شدن,3
بارآوردن,3
بغل,3
باربر,3
پولکي,3
چهارگوش,3
روسيه,3
کوزه,3
نامزد,3
دست‌وپابسته,3
ابراهيم,3
آغاز نمودن,3
خنک,3
کشش,3
مخلوط,3
گواه,3
عمل نمودن,3
دارچيني,3
رامشگر,3
عمله,3
مهتابي,3
غلظت,3
از هوش بردن,3
رخ,3
دستاويز,3
طرد کردن,3
صحيح‌وسالم,3
حيران,3
طي کردن,3
خندان,3
ناتواني,3
مرده,3
گنهکار,3
عدم موفقيت,3
عملي,3
درآويختن,3
صد,3
نامتناسب,3
ملکه,3
دوتايي,3
دادگاه,3
کمال,3
عقرب,3
عاجي,3
غالب,3
حقوق,3
افشاندن,3
کنار گذاشتن,3
مستحق,3
عود,3
ممات,3
مغزدار,3
محکم نمودن,3
صدمه‌ديده,3
محکم‌کاري,3
رفاه,3
صاحب‌قدم,3
محکم کردن,3
ظاهر,3
آغاز کردن,3
حيرت‌زده,3
دوزاري,3
داغ شدن,3
احديت,3
ابرو,3
نامطمئن,3
آزمون,3
مصحح,3
دنباله‌دار,3
آزمودني,3
حمايت کردن,3
نامناسب,3
عمق,3
آزمايش کردن,3
کسب,3
عقب‌افتاده,3
آزمودن,3
خوابيده,3
ضربه خوردن,3
طرحواره,3
ادبي,3
مردودي,3
کسب کردن,3
آب خوردن,3
رشد دادن,3
نامزدي,3
کشته,3
حواله,3
آبکي,3
دوز,3
آزموده,3
از پا درآوردن,3
گنه‌آلود,3
داغان,3
دزدي,3
رخت‌آويز,3
مداح,3
طيف,3
خداوندگار,3
خنياگر,3
آب کردن,3
اعياني,3
ناتوان,3
افتخاري,3
حيواني,3
مهارت,3
داشتن,3
نام,3
گنگ,3
غلط,3
کس,3
رشد کردن,3
نابود شدن,3
آبگاه,3
خموش,3
کتيبه,3
ناجي,3
مو,3
طبيعت,3
موفق,3
رقابت,3
خرده‌ريز,3
خرده‌ريزه,3
عزيز,3
آماده کردن,3
علف,3
کاوش,3
منتظم,3
آماده شدن,3
ديمي,3
آرمان,3
اثبات کردن,3
خرگوش,3
مزاج,3
آمادگي,3
آمارگر,3
مزاحم,3
کاهگلي,3
دربرگرفتن,3
طاغوت,3
خسته‌کننده,3
محوطه,3
K,3
امامت,3
کديور,3
معلق ماندن,3
حسابداري,3
علافي,3
ديروز,3
نبرد,3
H,3
حساب‌رسي,3
حضوري,3
کوژ,3
شکل گرفتن,3
دود کردن,3
رقت,3
حسابگر,3
محو,3
حسابگرانه,3
مولد,3
کردن,3
معني,3
آرام گرفتن,3
اقدام,3
شکل دادن,3
کم کردن,3
حساب کردن,3
خسته کردن,3
آمار,3
صندلي,3
13 آبان,3
درآمدن,3
صناعت,3
10 ارديبهشت,3
آمايش,3
نسبي,3
فاطر,3
امتحان,3
گچي,3
محتاطانه,3
10 آبان,3
حاجت‌مند,3
خسارت,3
نسق,3
دل‌جوي,3
رهبري,3
خوشگل,3
گرگ,3
آرزو کردن,3
مزخرف,3
ارزيابي کردن,3
مکان,3
ارزق,3
اجاره‌دار,3
مکتب,3
شکاري,3
الگو,3
موجود,3
رايت,3
مراد,3
اسلحه,3
حامل,3
نرمي,3
مزرعه,3
مطرب,3
کژدم,3
گزاف‌گويي,3
ديپلم,3
معاونت,3
15 شعبان,3
کاکائويي,3
الگوگذاري,3
15 ارديبهشت,3
دلالي,3
کينه,3
دلالت,3
خرچنگ,3
کاپيتان,3
گزافه‌گويي,3
فارس,3
رمزي,3
کرمان,3
خرد کردن,3
حريف,3
cd,3
اجرائيات,3
خورشيدي,3
ديدار,3
ربط,3
کيس,3
کثيفي,3
مومن,3
نجات دادن,3
حرکت,3
دعا,3
رنجور,3
ضمانت,3
صرف شدن,3
عوضي,3
ضعف,3
گشودن,3
آزاد شدن,3
خودداري,3
نجات,3
خشک شدن,3
خورشيد,3
استنکاف,3
9 آذر,3
نجات‌دهنده,3
کج,3
اقتصاد,3
چند,3
اتفاق,3
حرکت کردن,3
حفاظ,3
کوژي,3
دشمني,3
موضع,3
رميده,3
معلق,3
عدد,3
شکلاتي,3
دليجان,3
نتراشيده,3
مسند,3
صفت,3
دگر,3
صورت‌سازي,3
گوش گرفتن,3
آسيا,3
دل‌گندگي,3
دمان,3
مضمون,3
معرکه,3
آسودگي,3
اراک,3
ديدني,3
رقيب,3
صف,3
مرفه,3
آتشک,3
گوهرشناس,3
حصار,3
رل,3
دماغ,3
حشو,3
آجري,3
موقع,3
محنت,3
محمول,3
اقوام,3
حسابگري,3
خرده‌فروش,3
اقتصادي,3
کم‌توان,3
رفيق,3
نباتي,3
کوچک کردن,3
دختر,3
کمک‌کار,3
خشکيدن,3
صغير,3
مسموم کردن,3
ناآرام,3
مش,3
کرم داشتن,3
شيعه,3
معين,3
خصوصي,3
البرز,3
رمانتيک,3
ناپايدار,3
آلبانيايي,3
غيرطبيعي,3
مرغي,3
کوچه‌بازاري,3
ناگهاني,3
من,3
ناگفتني,3
آرايش,3
گويا,3
موازنه,3
آجرفرش,3
ديرش,3
علاج,3
ارائه,3
خوشه,3
کاهي,3
اعتراض,3
نرخ,3
دوختن,3
مقايسه کردن,3
گنج‌ياب,3
اسب,3
اسباب,3
عمو,3
طور,3
دريچه,3
رسم کردن,3
عطش,3
کعب,3
کوتوله,3
خاصه,3
اشتقاق,3
ناشناس,3
کشکي,3
مستند,3
مدافع,3
احساس کردن,3
صبر,3
درک نمودن,3
اطلس,3
خمارآلوده,3
گزيدن,3
محسوب,3
نزديکي,3
خون گرفتن,3
دقيق,3
محشر,3
کتاب,3
گير,3
صفه,3
کمينه,3
شکست خوردن,3
دچار وقفه کردن,3
گيرايي,3
گير افتادن,3
کميسيون,3
راهنمايي,3
معترض,3
اجتماع,3
خون کردن,3
آسماني,3
کم‌رشد,3
کبريتي,3
منتخب,3
اجتماعي,3
منتزع کردن,3
غيرواقعي,3
دقيقه,3
مرحله,3
خام,3
ميل زدن,3
خامه‌زن,3
ميليون,3
شهسوار,3
رشتن,3
مه,3
کودکانه,3
اشتباهي,3
خاتم,3
شگفتي,3
رام,3
درگير کردن,3
کور,3
ضامن,3
طرفدار,3
ناقص,3
حکومت,3
حکم کردن,3
اعطا کردن,3
دنده,3
ناقل,3
گرم‌خانه,3
خنثي کردن,3
طولاني,3
صحبت کردن,3
غفلت,3
خداداد,3
درگوشي,3
خال,3
گناه‌آلود,3
ناسالم,3
ناسالمي,3
مرحمت,3
خامه,3
ده ارديبهشت,3
مقدم,3
دانستن,3
کوتاهي,3
مقدر,3
ختم,3
خاش,3
خمارآلود,3
طريق,3
خم,3
ده آبان,3
خالي,3
منطقي,3
درصد,3
ناسنجيده,3
اضافه کردن,3
غريبي,3
25 اسفند,3
منجي,3
خشاب,3
حرفه,3
دفع کردن,3
کتابي,3
خوش‌باورانه,3
نخست,3
منحني,3
طباخي,3
عکاسي,3
کتان,3
خيابان,3
آلماني,3
رب,3
29 بهمن,3
موج,3
الهي,3
موثر,3
دراز شدن,3
شکست دادن,3
موسيقي,3
عجز,3
درجه‌دار,3
خوشبختي,3
موتيف,3
گسترده,3
ارشد,3
خزانه‌داري,3
خوشه‌چين,3
صميمي,3
محتوا,3
شکافتن,3
گچ,3
اسلام,3
راهکار,3
معاشر,3
کم‌عمر,3
فاسد شدن,3
عصاره,3
نساجي,3
حاشيه‌نشيني,3
عين,3
کيوسک,3
امانت,3
دل‌جو,3
خوشه‌چيني,3
صنايع دستي,3
نزول,3
رنگ کردن,3
حاضر شدن,3
اثر داشتن,3
خسته,3
کيسه کردن,3
مسي,3
1 دي,3
منبت‌کار,3
مؤسسه,3
الکترونيکي,3
صنعت,3
درب‌و‌داغان کردن,3
ديگر,3
گير کردن,3
شهرداري,3
راکت,3
گيسو,3
19 فروردين,3
گيلاس,3
کمي,3
دربند,3
خونسرد,3
کاکل,3
موزون,3
درام,3
مراقبت,3
مذهبي,3
دربه‌در,3
الکتريکي,3
نرمه,3
عشقي,3
فاتح,3
مطالعه کردن,3
ضميمه کردن,3
دوربين,3
دکتر,3
آسوده,3
دل‌وجگر,3
ربايشگر,3
دفاع کردن,3
رند,3
منبت,3
الف,3
خوش‌آمد گفتن,3
منبت‌کاري,3
مربع,3
نحوه,3
حرج,3
دفع,3
نخاله,3
شکسته,3
کت‌وکلفت,3
مسکن,3
ارتش,3
دله,3
شکسته شدن,3
خرمايي,3
تفحص,3
بي‌زحمت,3
چادر,3
يک‌پارچه,3
محبوب,3
رهنما,3
بازگرداندن,3
بي‌ثمر,3
کامپيوتر,3
نسنجيده,3
تنقيه,3
سرخ گشتن,3
بي‌حساب,3
جين,3
يکم دي,3
قناس,3
يکم,3
قنادي,3
بي‌خاصيت,3
بي‌خود,3
مالي,3
نسيه,3
محبت,3
جگر,3
کاميابي,3
امروز,3
فاميل,3
قهر,3
بي‌تفاوت,3
بي‌ارزش,3
بي‌حال,3
بيان کردن,3
کام‌روايي,3
بيان نمودن,3
بيدار شدن,3
آموختن,3
روال,3
يکسره,3
هزينه,3
باسواد,3
يک‌‌لا,3
پيغمبري,3
تنور,3
بيدار کردن,3
قمر,3
سرخ,3
پادشاهي,3
جيره,3
امنيت,3
بي‌اعتنا,3
بي‌دغدغه,3
قو,3
بي‌حاصل,3
قهرماني,3
فاميلي,3
بي‌حساب‌وکتاب,3
زبانه,3
امکان,3
سرشاخ,3
مال,3
نشر,3
آموزگار,3
پيل,3
محارب,3
بي‌اشکال,3
فاکتور,3
يکسان,3
کالبد,3
محاسبه‌گري,3
سرراهي,3
زباني,3
باسک,3
محاسبه,3
قوت,3
يک‌رنگ,3
شنيدني,3
آميزش,3
بي‌رمق,3
بازيگر,3
جوشان,3
نشيمن,3
پيله‌ور,3
بازي کردن,3
پارسي,3
بيروني,3
بيرون آوردن,3
سيمرغ,3
يک‌دست,3
جور,3
آميزه,3
جوش,3
فتح,3
بيرون انداختن,3
جوزا,3
نصب کردن,3
سربي,3
اناري,3
جواب دادن,3
سرشتن,3
جواب,3
سيم,3
قلم‌زني,3
پيشينه,3
بي‌ريخت,3
تندرو,3
تنين,3
کاشانه,3
بي‌خيالي,3
تنها,3
کامراني,3
بي‌مايه,3
بيست‌وپنجم اسفند,3
پاسخ‌نامه,3
بوستان,3
سربالا,3
نظامي,3
قوم,3
يونس,3
جهان‌گير,3
يوميه,3
بيست‌وپنج اسفند,3
مجمع,3
فرتوتي,3
باقاعده,3
سروش,3
ياقوتي,3
فلفل,3
کاردکس,3
پيش‌دانشگاهي,3
زدگي,3
بافه,3
بي‌قواره,3
سخن‌راني,3
پايان يافتن,3
بي‌سروساماني,3
سرايت کردن,3
يوسف,3
ييلاق,3
پينه‌دوز,3
سرآغاز,3
انتزاع کردن,3
يمين,3
قوچ,3
سربسته,3
بيست‌ونه بهمن,3
بيست‌ونهم بهمن,3
قلمبه,3
کاستن,3
تنگ,3
پاسخ,3
سرشکسته,3
تنبل,3
جهنمي,3
انباز,3
شنا,3
سرعت,3
فلس,3
سيه‌رو,3
تنگه,3
بو دادن,3
قطب‌نما,3
سرپا,3
بيان فرمودن,3
قصد,3
به هم خوردن,3
نعمت,3
سخن گفتن,3
پيش‌دبستاني,3
پيوستن,3
پيوسته,3
جنس,3
شمال,3
به هوا رفتن,3
قطعه,3
سد,3
کاروان‌سرا,3
سخن‌گو,3
يد,3
تهاجمي,3
کاروان,3
فدراسيون,3
مجرا,3
بيان داشتن,3
سينما,3
يک‌ضرب,3
قوام,3
رواج,3
بازنمايي,3
به‌وجودآورنده,3
نظم‌دهي,3
سحر,3
بازرگان,3
تمرين,3
جنب,3
شلوغ کردن,3
آند,3
يافتن,3
سخت شدن,3
تمرين کردن,3
سريع,3
قصه‌پرداز,3
پانزدهم ارديبهشت,3
جنگل,3
قيامت,3
کاري,3
نظير,3
تهاتري,3
انتظامي,3
پانزده ارديبهشت,3
شمرده,3
انتفاضه,3
قطعه‌قطعه کردن,3
فعل,3
هستي,3
آميختن,3
پاشيدن,3
کاربر,3
به شدت,3
پايين آمدن,3
تمايل,3
بي‌نام,3
بي‌نشان,3
سترون,3
جمعي,3
پاپتي,3
پاييزه,3
بينش,3
جمع‌گرايي,3
هل دادن,3
بيگانه,3
ماشين,3
بينايي,3
نقاشي کردن,3
فراز رسيدن,3
مانع شدن,3
فطير,3
هدف,3
سيکلمه,3
مجاري,3
اندرون,3
جمهور,3
مثابه,3
پارادوکس,3
وکيل,3
پير,3
سايه‌سار,3
جعبه,3
لايه‌لايه,3
تلخ,3
مازو,3
زعفراني,3
به‌به,3
متقاضي,3
تاختن,3
سائل,3
متقلب,3
قرار دادن,3
جشن,3
متل,3
آني,3
زشت,3
هم‌جنس,3
روزبه‌خير,3
انهدام,3
هم,3
بازخواندن,3
پايين آوردن,3
فراخواندن,3
مجازات,3
شلوغ‌پلوغ,3
کارتکس,3
سيزدهم آبان,3
تمام‌قد,3
قسط,3
پاک شدن,3
مانور,3
تماشاچي,3
سيزده آبان,3
بازبيني کردن,3
ويتراي,3
سبک‌سرانه,3
بيوه,3
قرينه,3
فراش,3
سبک کردن,3
نقره‌اي,3
شفاف,3
پاک‌کننده,3
ستايش کردن,3
مانند,3
شفت,3
بينه,3
قسم,3
بي‌نهايت,3
سزاواري,3
لاشخور,3
ستاره‌شمار,3
فراز,3
جميع,3
شلوغ,3
باقي گذاشتن,3
شلوغ‌وپلوغ,3
کارت‌خوان,3
نفوذ کردن,3
کاربني,3
سر کشيدن,3
سرکوب کردن,3
بالا بردن,3
کاربردي,3
شفاهي,3
اندوخته,3
سجده,3
شل,3
سيگارت,3
بي‌مقدار,3
بي‌مناسبت,3
فرارو,3
چرا,3
سست کردن,3
ستاره‌دار,3
بانمک,3
بهت‌زده,3
نقلي,3
پديدآورنده,3
جفت کردن,3
بامزه,3
فلک,3
قرباني کردن,3
هماهنگي,3
سيرابي,3
هم‌آوايي,3
باميه,3
جلد,3
بي‌گاه,3
لانه,3
پخش شدن,3
بي‌گناه,3
بي‌گفتگو,3
نقشه,3
پخته شدن,3
کاج,3
جماعت,3
قرمز شدن,3
بي‌گنه,3
لايحه,3
لايعقل,3
انضباط,3
باند,3
شش‌گوش,3
پرآب,3
جلب,3
يک دي,3
مالاندن,3
کافوري,3
نشسته,3
اميد,3
جوشيدن,3
يبس,3
جناح,3
سفيد,3
انفجار,3
به جا گذاردن,3
ساکت نمودن,3
هم‌اندازه,3
ولايت,3
زرشک,3
ماسيدن,3
شعبده‌باز,3
تاب,3
انفجاري,3
رهن,3
ساکت کردن,3
شش‌گوشه,3
تلکه‌‌بگير,3
شعبه,3
تاتنهام,3
بکر,3
بهار,3
فراگيري,3
چپ‌گرد,3
نمودن,3
نمود کردن,3
بارکش,3
جريمه,3
جز,3
باواسطه,3
شريک,3
تقويت,3
تارک,3
تقليل,3
تقليد کردن,3
تا خوردن,3
انقلابي,3
تأثير گذاشتن,3
سقوط,3
پراکندن,3
تاثيرگذار,3
پيرامون,3
تلفن,3
فرانمودن,3
پيام,3
پيامبري,3
ساندويچي,3
بچه‌بازي,3
جلف,3
سرپرستي,3
تماس,3
هتلداري,3
توانايي,3
سيرک,3
تلکه‌‌گير,3
بچه‌گانه,3
نقصان,3
متهم,3
پرتقالي,3
سلامت,3
سلب,3
مارگير,3
انگشت زدن,3
تقويت کردن,3
نمايشگاه,3
تل,3
سايت,3
سپرده,3
نمايش دادن,3
پرتراکم,3
سرمايه‌داري,3
هراسان,3
جامد,3
توجه کردن,3
تب,3
لخت کردن,3
تباهي,3
تباه کردن,3
وزارت,3
پرسنده,3
نهايي,3
جد,3
شربت,3
لزوم,3
تبصره,3
جت,3
متزلزل,3
شرح,3
ورقه,3
ساعت‌ساز,3
متشابه,3
پرش,3
فهم,3
پژمردن,3
مارک,3
توده‌اي,3
پرشتاب,3
پرسش,3
چيرگي,3
چرک کردن,3
توحيد,3
همراه کردن,3
روزگار,3
متر,3
چهره‌سازي,3
روسي,3
قاچاق,3
تجاوز,3
نوار,3
روستا,3
ورافتادن,3
پوچ,3
بلد,3
ورد,3
لطمه,3
تجارت,3
بلاگردان,3
سنا,3
پرمايه,3
نهم آذر,3
چيدن,3
نهايت,3
بارور,3
همراهي,3
شرح دادن,3
توده,3
برجسته‌سازي,3
پلمب,3
تکيه‌گاه,3
ترکه,3
فروخفته,3
فروختن,3
تکيه کردن,3
پشک,3
پف,3
ليف,3
شادکام,3
تيزاب,3
تيزي,3
بردميدن,3
شاکي,3
تکنيکي,3
زنده کردن,3
مادر,3
ريشه‌دار,3
بابل,3
تکه‌تکه,3
پلاک,3
هيجان,3
سوراخ‌سوراخ کردن,3
نيام,3
تکيه‌گه,3
هندي,3
تيغ زدن,3
فکل,3
سورنا,3
پلمپ,3
زوزه,3
نيرنگ,3
تسبيح,3
مادام‌العمر,3
زي,3
زندگي کردن,3
چروک,3
تسلط,3
بابا,3
برج,3
نيروي جاذبه,3
زود,3
چرخ‌کار,3
مبدع,3
زور,3
زورکي,3
رياست,3
شارژ,3
تک‌فرزند,3
فروش,3
پيگيري,3
ورطه,3
نهيب,3
ماهانه,3
سياستمدار,3
فوت کردن,3
بخشيدن,3
چنگ زدن,3
بحث کردن,3
هم‌شکل,3
جانب,3
قالب,3
هم‌صدايي,3
ساختمان,3
برچسب زدن,3
سالروز,3
وزن,3
سالانه,3
جذب کردن,3
باريک شدن,3
باريکه,3
تاوان دادن,3
لجني,3
قتل,3
وزير,3
چينش,3
سالسا,3
نورسيده,3
چنگ,3
ايتاليايي,3
زمردي,3
جام‌جم,3
ماهيانه,3
توفير,3
توفيق,3
سيال,3
تفريحي,3
شخصي,3
روشني,3
تخليه,3
چهارشاخ,3
جانشين کردن,3
پک‌وپوز,3
جاندار,3
روشن شدن,3
قالي‌باف,3
له‌ولورده,3
بخشش,3
همشهري,3
بخيه,3
روغن,3
پرچم‌دار,3
فشردن,3
اهل کتاب,3
متصدي,3
شرايط,3
آهن‌پاره,3
قد,3
تقسيم کردن,3
شرمناک,3
اهل سنت و جماعت,3
چينه,3
بند کردن,3
سال‌نامه,3
پرداخت کردن,3
پيک,3
پردازش,3
سالوس,3
متعجب,3
روزنامه,3
هم‌دهني,3
بندگي,3
اهل,3
لختي,3
ورزش‌کار,3
مارپيچ,3
نواختن,3
چهلم,3
هاله,3
روزي,3
تاس,3
به,3
پرحرارت,3
سپري شدن,3
نهان‌دان,3
قبول,3
باري,3
تقسيم,3
پرسان,3
سماق,3
تا کردن,3
آهن,3
نه آذر,3
باريک,3
توت,3
تازه‌وارد,3
تقسيم نمودن,3
قدرت‌نمايي,3
تأسيس کردن,3
سلف,3
سالگرد,3
فرجه,3
ساليانه,3
قدرداني,3
تازه,3
پرجوش‌وخروش,3
زنده ماندن,3
زيان,3
يلخي,3
سوت,3
همکاري,3
ترنج,3
تعريف کردن,3
برفک,3
شاد,3
برفي,3
زيردستي,3
زيردست,3
شاداب,3
سود,3
هيهات,3
فريم,3
همگاني,3
تعجب‌زده,3
زيد,3
تره,3
لير,3
ليره,3
مبل‌سازي,3
بدعت‌گذار,3
شادمان,3
زندان,3
تعدي کردن,3
چشم,3
ثابت کردن,3
پهلوان,3
روي دادن,3
هم‌مسلک,3
جاري کردن,3
هم‌ميهن,3
سه‌راهي,3
ايستاده,3
جاذبه,3
فرمانده,3
چله,3
برونته,3
توليدي,3
نوشيدن,3
وارد کردن,3
همه,3
بريدگي,3
تراشيدن,3
چليپا,3
بدجور,3
قاضي,3
وارفتن,3
تغيير,3
وارستگي,3
زميني,3
پسند,3
آپارات,3
باج‌بگير,3
پشته,3
ريکاوري,3
برم,3
هم‌وغم,3
تعقيب,3
وابسته کردن,3
ثقيل,3
پياله‌فروشي,3
قلب,3
قوي,3
انتخاب کردن,3
پا شدن,3
سراميک,3
کارگري,3
پاسخ‌گو,3
نظرتنگ,3
بي‌سواد,3
بي‌سيرت,3
شمع,3
پاشنه,3
پيش رفتن,3
پيش‌دستي,3
جنگنده,3
بيضا,3
به پايان رسيدن,3
برزخ,3
شبه,3
وابستگي,3
فزوني,3
واجب,3
سوار شدن,3
نونوار,3
هموار کردن,3
فولادي,3
شبي,3
برنامه‌ريزي کردن,3
چشمه,3
زيرپايي,3
سوگ,3
نونهال,3
ثمر,3
سواري,3
تعصب,3
مايه,3
مبهوت,3
وابسته,3
ترش کردن,3
شب‌رو,3
ترمز,3
رؤيايي,3
تعصبي,3
فوري,3
نوسازي,3
نوزدهم فروردين,3
هنرمند,3
بدکار,3
آگاه,3
هنگام,3
آگاهي,3
مباشر,3
شأن,3
نيم‌رخ,3
تصرف,3
هوا کشيدن,3
برافروختن,3
زهي,3
چرخ خوردن,3
تشکيل شدن,3
برانگيختن,3
فيش,3
نيمه‌کاره,3
تيمارگر,3
فروغ,3
برانداز کردن,3
چتر,3
لک,3
هود,3
پناهگاه,3
ريدن,3
نيش,3
هنرپيشه,3
ريدمان,3
بدل,3
روپوش,3
ترکيدن,3
هنباز,3
پلي‌کپي,3
شانسي,3
تصميم,3
شانس,3
تکان,3
ريخت‌وپاش,3
تکان دادن,3
نيم‌بند,3
تصرف کردن,3
هواخواه,3
تصفيه,3
نيم‌روز,3
شالوده,3
سوز,3
تصور,3
مات,3
تصويب کردن,3
تيپ,3
چر‌بي‌گير,3
فروند,3
برچسب,3
فيل,3
چارچوب,3
توهم‌زا,3
پس‌زمينه,3
برنج,3
فساد,3
پوست,3
نپذيرفتن,3
سي,3
چشمي,3
تعويض کردن,3
توپ,3
سوگواري,3
تعويض,3
توپ زدن,3
لوله‌بازکن,3
شاخص,3
تئاتر,3
تغذيه,3
زمينه,3
قاطع,3
پوست‌کلفت,3
فوق‌العاده,3
جالب,3
رگ‌وپي,3
پستي,3
جابه‌جا کردن,3
تصديق,3
تيمور,3
تضاد,3
چر‌بي‌گيري,3
شال,3
پنس,3
زهره,3
شافعي,3
چرخ,3
هوانوردي,3
برابري کردن,3
مباحثه,3
برهوت,3
زهرماري,3
زيکزاک,3
وادار کردن,3
ترجمه,3
لوس,3
تونيک,3
برهمن,3
سه‌پايه,3
بروبيا,3
پسته‌اي,3
آرام شدن,3
