word,farsnet_word,sense_frequency
خط,خط,28
برداشتن,برداشتن,25
سر,سر,24
گرفتن,گرفتن,23
جا,جا,20
زدن,زدن,19
بار,بار,19
کشیدن,کشیدن,19
کار,کار,18
دست,دست,17
دم,دم,16
طرح,طرح,15
خوردن,خوردن,14
بخش,بخش,14
راه,راه,14
درجه,درجه,14
دوره,دوره,14
شیر,شیر,13
پشت,پشت,13
بند,بند,13
ارام,آرام,12
اب,آب,12
رسیدن,رسیدن,12
چیز,چیز,12
انداختن,انداختن,12
زبان,زبان,12
دسته,دسته,12
گاز,گاز,11
ارتباط,ارتباط,11
حساب,حساب,11
جهان,جهان,11
جز,جزئ,11
سرویس,سرویس,11
کرم,کرم,11
واحد,واحد,11
پریدن,پریدن,11
اثر,اثر,11
گذشتن,گذشتن,11
پذیرفتن,پذیرفتن,11
بستن,بستن,11
رشته,رشته,11
میدان,میدان,11
نگهداشتن,نگه‌داشتن,11
گل,گل,11
دنیا,دنیا,11
خواستن,خواستن,10
شانه,شانه,10
ساختن,ساختن,10
پیوند,پیوند,10
خواندن,خواندن,10
ایستادن,ایستادن,10
ردکردن,رد کردن,10
بازی,بازی,10
خانه,خانه,10
پایه,پایه,10
مهر,مهر,10
دل,دل,10
میزان,میزان,10
برگرداندن,برگرداندن,10
نتیجه,نتیجه,10
جمعکردن,جمع کردن,10
نمونه,نمونه,10
مغز,مغز,10
دور,دور,9
زندگی,زندگی,9
بزرگ,بزرگ,9
سال,سال,9
زیر,زیر,9
زمین,زمین,9
انقلاب,انقلاب,9
کندن,کندن,9
کنترل,کنترل,9
کف,کف,9
خیر,خیر,9
ساعت,ساعت,9
گشتن,گشتن,9
مثبت,مثبت,9
زمان,زمان,9
بردن,بردن,9
پرده,پرده,9
برپاکردن,برپا کردن,9
رفتن,رفتن,9
سایه,سایه,9
شکستن,شکستن,9
روز,روز,9
فهمیدن,فهمیدن,9
نظر,نظر,9
سرباز,سرباز,9
گروه,گروه,9
سهم,سهم,9
تار,تار,9
صورت,صورت,9
عملکردن,عمل کردن,8
سبک,سبک,8
گذشته,گذشته,8
عمل,عمل,8
صافکردن,صاف کردن,8
موقعیت,موقعیت,8
پا,پا,8
جایگاه,جایگاه,8
موضوع,موضوع,8
مرکز,مرکز,8
ماده,ماده,8
نیرو,نیرو,8
سطح,سطح,8
قسمت,قسمت,8
بودن,بودن,8
پست,پست,8
پاککردن,پاک کردن,8
سیاست,سیاست,8
صحنه,صحنه,8
بهوجوداوردن,به وجود آوردن,8
گرده,گرده,8
خواباندن,خواباندن,8
عشق,عشق,8
سوختن,سوختن,8
ماندن,ماندن,8
کارکردن,کار کردن,8
قرار,قرار,8
دلیل,دلیل,8
عالم,عالم,8
رشد,رشد,8
ترک,ترک,8
طرف,طرف,8
ادم,آدم,8
امر,آمر,8
جامعه,جامعه,8
حکم,حکم,8
اخر,آخر,8
سمت,سمت,8
محل,محل,8
جمع,جمع,8
درهم,درهم,8
تن,تن,8
کمک,کمک,8
حال,حال,8
دفتر,دفتر,8
کل,کل,8
بازار,بازار,8
رابطه,رابطه,8
روی,روی,8
نقطه,نقطه,8
راست,راست,8
ریال,ریال,8
جریان,جریان,8
مستقیم,مستقیم,8
شاهد,شاهد,8
حاشیه,حاشیه,8
شکل,شکل,8
دین,دین,8
دستی,دستی,8
اصل,اصل,8
انتقالدادن,انتقال دادن,7
کره,کره,7
تیر,تیر,7
بعد,بعد,7
اوردن,آوردن,7
درستکردن,درست کردن,7
پزو,پزو,7
بازکردن,باز کردن,7
شیری,شیری,7
منبع,منبع,7
تبدیل,تبدیل,7
جابهجایی,جابه‌جایی,7
صدا,صدا,7
چین,چین,7
فضا,فضا,7
ساده,ساده,7
جهت,جهت,7
خراب,خراب,7
سیر,سیر,7
خاک,خاک,7
نماینده,نماینده,7
دینار,دینار,7
قانون,قانون,7
شماره,شماره,7
انجامدادن,انجام دادن,7
هییت,هیئت,7
تاریخ,تاریخ,7
نوشتن,نوشتن,7
محور,محور,7
نقش,نقش,7
بسته,بسته,7
پدر,پدر,7
اصلاحکردن,اصلاح کردن,7
خالیکردن,خالی‌کردن,7
صفحه,صفحه,7
خارجکردن,خارج کردن,7
سالم,سالم,7
ضعیف,ضعیف,7
توان,توان,7
اهنگ,آهنگ,7
خوب,خوب,7
مقام,مقام,7
خان,خان,7
گذراندن,گذراندن,7
شیلینگ,شیلینگ,7
رو,رو,7
حق,حق,7
برخورد,برخورد,7
تند,تند,7
در,در,7
اول,اول,7
رسیدگی,رسیدگی,7
شتری,شتری,7
جمعشدن,جمع شدن,7
حامی,حامی,7
ابشدن,آب شدن,7
جداشدن,جدا شدن,7
شاسی,شاسی,7
دارایی,دارایی,7
باز,باز,7
حد,حد,7
جداکردن,جداکردن,7
رای,رای,7
دادن,دادن,7
نسبت,نسبت,7
برنامه,برنامه,7
عطف,عطف,7
نشستن,نشستن,7
صرف,صرف,7
ترکیب,ترکیب,7
جان,جان,7
میل,میل,7
پول,پول,7
گیره,گیره,7
نفتی,نفتی,7
رسیدگیکردن,رسیدگی کردن,7
عامل,عامل,7
سلام,سلام,7
نمایش,نمایش,6
خاکی,خاکی,6
سوزاندن,سوزاندن,6
پخشکردن,پخش کردن,6
تور,تور,6
خزانه,خزانه,6
طول,طول,6
سو,سو,6
خبر,خبر,6
خرد,خرد,6
وقت,وقت,6
نهاد,نهاد,6
چنگال,چنگال,6
اینده,آینده,6
جاانداختن,جا انداختن,6
خرابکردن,خراب کردن,6
گرم,گرم,6
جلودار,جلودار,6
کلید,کلید,6
ازبینرفتن,از بین رفتن,6
پرداختن,پرداختن,6
لب,لب,6
حفظکردن,حفظ کردن,6
نرم,نرم,6
ستاره,ستاره,6
جذب,جذب,6
جدی,جدی,6
چهره,چهره,6
توجه,توجه,6
صاف,صاف,6
عنوان,عنوان,6
روپیه,روپیه,6
دنبالکردن,دنبال کردن,6
اعتبار,اعتبار,6
رویه,رویه,6
انگاره,انگاره,6
ارتفاع,ارتفاع,6
روشنکردن,روشن‌کردن,6
شناسایی,شناسایی,6
جدول,جدول,6
واگذارکردن,واگذار کردن,6
نشاندن,نشاندن,6
نظام,نظام,6
مجلس,مجلس,6
نشان,نشان,6
کپیکردن,کپی‌کردن,6
ولکردن,ول کردن,6
متوجهشدن,متوجه شدن,6
نقل,نقل,6
وجه,وجه,6
چک,چک,6
سنگین,سنگین,6
محکم,محکم,6
محیط,محیط,6
رییس,رئیس,6
اطلاعات,اطلاعات,6
جام,جام,6
ترتیب,ترتیب,6
عمر,عمر,6
حمله,حمله,6
حمل,حمل,6
کشتی,کشتی,6
گرد,گرد,6
سرمایه,سرمایه,6
ریختن,ریختن,6
دستگاه,دستگاه,6
قبولکردن,قبول کردن,6
انسان,انسان,6
خمار,خمار,6
بالارفتن,بالارفتن,6
پیچیدن,پیچیدن,6
قدر,قدر,6
کانال,کانال,6
پی,پی,6
ساختار,ساختار,6
مسیله,مسئله,6
بد,بد,6
برگشتن,برگشتن,6
تیغ,تیغ,6
هوا,هوا,6
گسترشدادن,گسترش دادن,6
ماه,ماه,6
مورد,مورد,6
بادی,بادی,6
فکرکردن,فکر کردن,6
سکو,سکو,6
برد,برد,6
تکرار,تکرار,6
انباشتن,انباشتن,6
علاقه,علاقه,6
درککردن,درک کردن,6
ظرفیت,ظرفیت,6
قدرت,قدرت,6
ابتدا,ابتدا,6
هدایت,هدایت,6
پیش,پیش,6
شب,شب,6
منطقه,منطقه,6
چرخیدن,چرخیدن,6
خوابیدن,خوابیدن,6
تصویر,تصویر,6
انتها,انتها,6
منفی,منفی,6
خوبی,خوبی,6
علم,علم,6
مسیر,مسیر,6
تمامکردن,تمام کردن,6
بررسیکردن,بررسی کردن,6
شور,شور,6
بستهشدن,بسته شدن,6
خطا,خطا,6
شرکت,شرکت,6
دفاع,دفاع,6
ملک,ملک,6
رد,رد,6
فشار,فشار,6
مدعی,مدعی,6
دستور,دستور,6
سیستم,سیستم,6
تولید,تولید,6
دال,دال,6
فصل,فصل,6
چاپ,چاپ,6
راهانداختن,راه انداختن,6
کوتاه,کوتاه,6
کانون,کانون,6
بنیاد,بنیاد,6
کوته,کوته,6
بنیان,بنیان,6
ردیف,ردیف,6
اجراکردن,اجرا کردن,6
اندازه,اندازه,6
اتش,آتش,6
ثابت,ثابت,6
عصر,عصر,6
کاهش,کاهش,6
مرد,مرد,6
درخشیدن,درخشیدن,6
صندوق,صندوق,6
ناراحت,ناراحت,6
ابزار,ابزار,5
حاکم,حاکم,5
کلک,کلک,5
سری,سری,5
شنیدن,شنیدن,5
تیز,تیز,5
شکستخوردن,شکست‌خوردن,5
استفاده,استفاده,5
نظم,نظم,5
نوک,نوک,5
استقامت,استقامت,5
دراوردن,درآوردن,5
گند,گند,5
بینظمی,بی‌نظمی,5
حالت,حالت,5
دورکردن,دور کردن,5
شان,شان,5
سرور,سرور,5
تشخیص,تشخیص,5
مرگ,مرگ,5
روش,روش,5
کوبیدن,کوبیدن,5
ارایهکردن,ارایه کردن,5
فرمان,فرمان,5
مجموعه,مجموعه,5
حسابی,حسابی,5
صفر,صفر,5
دام,دام,5
سست,سست,5
روشن,روشن,5
اشتباه,اشتباه,5
پوسته,پوسته,5
نشانه,نشانه,5
سفید,سس سفید,5
شکار,شکار,5
ردشدن,رد شدن,5
داغ,داغ,5
نشاندادن,نشان دادن,5
ارایهدادن,ارایه دادن,5
ارایه,ارائه,5
شکارچی,شکارچی,5
فکر,فکر,5
استقبال,استقبال,5
جداساختن,جدا ساختن,5
کم,کم,5
گام,گام,5
فرازاوردن,فراز آوردن,5
فیلم,فیلم,5
کناره,کناره,5
دامنه,دامنه,5
پوشاندن,پوشاندن,5
یکسر,یکسر,5
زنگ,زنگ,5
بال,بال,5
ازادی,آزادی,5
صادرکردن,صادر کردن,5
سربراوردن,سربرآوردن,5
تجاوزکردن,تجاوز کردن,5
وظیفه,وظیفه,5
سخت,سخت,5
وضع,وضع,5
گوشه,گوشه,5
دستبهنقد,دست‌به‌نقد,5
ساخت,ساخت,5
عوضکردن,عوض کردن,5
جستجوکردن,جستجو کردن,5
جستن,جستن,5
جنگ,جنگ,5
سرخشدن,سرخ شدن,5
گونه,گونه,5
ازاد,آزاد,5
تناسب,تناسب,5
سابقه,سابقه,5
دکوراسیون,دکوراسیون,5
فرد,فرد,5
شبکه,شبکه,5
جلو,جلو,5
سختی,سختی,5
دوران,دوران,5
تخت,تخت,5
جفت,جفت,5
ضبطکردن,ضبط کردن,5
گوشی,گوشی,5
نوبت,نوبت,5
فرهنگ,فرهنگ,5
تخریب,تخریب,5
نور,نور,5
هسته,هسته,5
فن,فن,5
دودی,دودی,5
کارگر,کارگر,5
شخصیت,شخصیت,5
ازبینبردن,از بین بردن,5
اباد,آباد,5
پیشرو,پیش‌رو,5
راندن,راندن,5
انتشار,انتشار,5
ابرو,آبرو,5
سازمان,سازمان,5
مهره,مهره,5
بالاکشیدن,بالا کشیدن,5
تاباندن,تاباندن,5
نقاش,نقاش,5
بالازدن,بالا زدن,5
بانک,بانک,5
حاصل,حاصل,5
حاضر,حاضر,5
انرژی,انرژی,5
جرم,جرم,5
مشقت,مشقت,5
بچه,بچه,5
انتقال,انتقال,5
ضربی,ضربی,5
جو,جو,5
دریده,دریده,5
لخت,لخت,5
ذخیره,ذخیره,5
منتقلشدن,منتقل شدن,5
تاییدکردن,تایید کردن,5
مسیول,مسئول,5
کاشتن,کاشتن,5
ضرورت,ضرورت,5
مثل,مثل,5
عضو,عضو,5
باقیمانده,باقی‌مانده,5
نوشته,نوشته,5
ویژگی,ویژگی,5
ذکر,ذکر,5
اضافه,اضافه,5
تمامشدن,تمام شدن,5
کرون,کرون,5
تسلیم,تسلیم,5
خنثی,خنثی,5
قطعکردن,قطع کردن,5
جادادن,جا دادن,5
قبضه,قبضه,5
زنجیره,زنجیره,5
استقلال,استقلال,5
خلاف,خلاف,5
مفهوم,مفهوم,5
پسوپیش,پس‌وپیش,5
مربی,مربی,5
پاک,پاک,5
خاموش,خاموش,5
گستردن,گستردن,5
بلندشدن,بلند شدن,5
نابودی,نابودی,5
تنگشدن,تنگ شدن,5
بلندی,بلندی,5
سه,سه,5
جابهجا,جا‌به‌جا,5
گرفتگی,گرفتگی,5
تکه,تکه,5
قلم,قلم,5
سن,سن,5
مقاومت,مقاومت,5
تعریف,تعریف,5
برگشت,برگشت,5
بورس,بورس,5
گردش,گردش,5
اتشدان,آتشدان,5
باب,باب,5
فرستادن,فرستادن,5
دیدن,دیدن,5
رفتار,رفتار,5
حیرت,حیرت,5
اقا,آقا,5
ساکت,ساکت,5
کتابخانه,کتاب‌خانه,5
سنجیدن,سنجیدن,5
پایین,پایین,5
خارجی,خارجی,5
پایداری,پایداری,5
خارج,خارج,5
سیرکردن,سیر کردن,5
خضاب,خضاب,5
سودا,سودا,5
پرداخت,پرداخت,5
کرسی,کرسی,5
واداشتن,واداشتن,5
هفته,هفته,5
خشک,خشک,5
روان,روان,5
ته,ته,5
عسلی,عسلی,5
گزارش,گزارش,5
کارت,کارت,5
ثبتکردن,ثبت کردن,5
پرسشگر,پرسشگر,5
مدرک,مدرک,5
قرارداد,قرارداد,5
قرص,قرص,5
خز,خز,5
خشن,خشن,5
سوراخ,سوراخ,5
جاافتادن,جا افتادن,5
خدمت,خدمت,5
جابازکردن,جا بازکردن,5
پر,پر,5
الودهکردن,آلوده کردن,5
ناحیه,ناحیه,5
خدمتکردن,خدمت کردن,5
مد,مد,5
بلندکردن,بلند کردن,5
پذیرش,پذیرش,5
کند,کند,5
مدار,مدار,5
بهره,بهره,5
بن,بن,5
استاد,استاد,5
سوم,سوم,5
خرابشدن,خراب شدن,5
خطر,خطر,5
طراحی,طراحی,5
محرم,محرم,5
برعکس,برعکس,5
مشکل,مشکل,5
بیرونکردن,بیرون کردن,5
بیروندادن,بیرون دادن,5
پارک,پارک,5
داده,داده,5
صبح,صبح,5
حلقه,حلقه,5
برق,برق,5
عملیات,عملیات,5
امدن,آمدن,5
حضور,حضور,5
حلکردن,حل‌کردن,5
افتادن,افتادن,5
گران,گران,5
حفره,حفره,5
مولود,مولود,5
مانع,مانع,5
چهارپاره,چهارپاره,5
دیر,دیر,5
ابی,آبی,5
هوشیار,هوشیار,5
رسمی,رسمی,5
تعیینکردن,تعیین کردن,5
تنظیمکردن,تنظیم کردن,5
تک,تک,5
طراحیکردن,طراحی کردن,5
گذاشتن,گذاشتن,5
بررسی,بررسی,5
ترکمن,ترکمن,5
افت,آفت,5
جاگذاشتن,جا گذاشتن,5
ترکیبکردن,ترکیب کردن,5
ترککردن,ترک کردن,5
علامت,علامت,5
شیوه,شیوه,5
بیان,بیان,5
سپردن,سپردن,5
نیمه,نیمه,5
ایجادکردن,ایجاد کردن,5
سم,سم,5
پایان,پایان,5
حسکردن,حس کردن,5
امتیازدادن,امتیاز دادن,5
کشتن,کشتن,5
جایگه,جایگه,5
پهن,پهن,5
امتیاز,امتیاز,5
میزبان,میزبان,5
محافظ,محافظ,5
گبر,گبر,5
رضا,رضا,5
دوشیزه,دوشیزه,5
اشراق,اشراق,4
مالکی,مالکی,4
ورق,ورق,4
واگذارنمودن,واگذارنمودن,4
تشریفاتی,تشریفاتی,4
ترسیدن,ترسیدن,4
تخلیهکردن,تخلیه کردن,4
مالک,مالک,4
تخم,تخم,4
واردشدن,وارد شدن,4
تردست,تردست,4
هوشیاری,هوشیاری,4
سازه,سازه,4
تشریفات,تشریفات,4
کنار,کنار,4
همانند,همانند,4
لیسانس,لیسانس,4
لیمو,لیمو,4
ساکنشدن,ساکن شدن,4
هواگرفتن,هوا گرفتن,4
تست,تست,4
واسطه,واسطه,4
اسیب,آسیب,4
تعریفکردن,تعریف کردن,4
غواص,غواص,4
سترونکردن,سترون کردن,4
ترتیبدادن,ترتیب دادن,4
سالسا,سالسا,4
ساکتشدن,ساکت شدن,4
تربیت,تربیت,4
تمام,تمام,4
همخوان,همخوان,4
تصویبکردن,تصویب کردن,4
تضمین,تضمین,4
کمان,کمان,4
اسمان,آسمان,4
صرفکردن,صرف کردن,4
تقسیمکردن,تقسیم کردن,4
همراه,همراه,4
استوار,استوار,4
واقعیت,واقعیت,4
اشتیاق,اشتیاق,4
صحبتکردن,صحبت کردن,4
هنر,هنر,4
ساکن,ساکن,4
سبب,سبب,4
تصدیقکردن,تصدیق کردن,4
ساییدن,ساییدن,4
اشتغال,اشتغال,4
لودگی,لودگی,4
تعهد,تعهد,4
تمثیل,تمثیل,4
کمی,کمی,4
تنظیم,تنظیم,4
کلیشهسازی,کلیشه‌سازی,4
صامت,صامت,4
ترازو,ترازو,4
وحشتناک,وحشتناک,4
تریاکی,تریاکی,4
تصادفی,تصادفی,4
تصدیقداشتن,تصدیق داشتن,4
مالیدن,مالیدن,4
تقدیر,تقدیر,4
سنگچین,سنگ‌چین,4
ورود,ورود,4
بر,بر,4
اموزش,آموزش,4
برایت,برائت,4
براندازکردن,براندازکردن,4
برابر,برابر,4
امید,امید,4
پوشیده,پوشیده,4
بدهبستان,بده‌بستان,4
سیه,سیه,4
فر,فر,4
برداشت,برداشت,4
برش,برش,4
فتوکپی,فتوکپی,4
امل,امل,4
برخوردکردن,برخورد کردن,4
سینا,سینا,4
سینه,سینه,4
فراش,فراش,4
بحث,بحث,4
پیشامدن,پیش آمدن,4
انباشتهکردن,انباشته کردن,4
فرازکردن,فراز کردن,4
انتخاب,انتخاب,4
پیشقراول,پیش‌قراول,4
انتخابکردن,انتخاب کردن,4
فرازامدن,فراز آمدن,4
شاخه,شاخه,4
امین,آمین,4
پیاده,پیاده,4
بدر,بدر,4
ان,آن,4
کامل,کامل,4
فراری,فراری,4
سیما,سیما,4
سیاه,سیاه,4
قبولی,قبولی,4
پزشکی,پزشکی,4
بشر,بشر,4
فانتزی,فانتزی,4
الکی,الکی,4
سیاهشدن,سیاه شدن,4
بست,بست,4
اماده,آماده,4
الوده,آلوده,4
بنا,بنا,4
قدم,قدم,4
بلوک,بلوک,4
الودن,آلودن,4
الودهساختن,آلوده ساختن,4
کثیف,کثیف,4
بلند,بلند,4
پرکننده,پرکننده,4
بره,بره,4
برگه,برگه,4
پشتیبانی,پشتیبانی,4
کت,کت,4
برگ,برگ,4
بریدن,بریدن,4
پسندیدن,پسندیدن,4
کبابی,کبابی,4
برنده,برنده,4
سیل,سیل,4
امام,امام,4
سیاهکردن,سیاه کردن,4
امادهکردن,آماده کردن,4
بزرگی,بزرگی,4
قایم,قائم,4
پشتیبان,پشتیبان,4
شاه,شاه,4
فرصت,فرصت,4
شعر,شعر,4
اژانس,آژانس,4
فشرده,فشرده,4
انفعال,انفعال,4
اکثریت,اکثریت,4
اپاچی,آپاچی,4
ایین,آیین,4
چنگزدن,چنگ زدن,4
چرخش,چرخش,4
اگاهانه,آگاهانه,4
انسانی,انسانی,4
فعالیت,فعالیت,4
فعال,فعال,4
شش,شش,4
چسبیدن,چسبیدن,4
چشمبسته,چشم‌بسته,4
ایمپلنت,ایمپلنت,4
چپ,چپ,4
فرونشاندن,فرونشاندن,4
چینی,چینی,4
اولتیر,اول تیر,4
اوج,آوج,4
چکیده,چکیده,4
اهلیت,اهلیت,4
اهسته,آهسته,4
اویزه,آویزه,4
چهارشهریور,چهار شهریور,4
چهارمشهریور,چهارم شهریور,4
شمردن,شمردن,4
چهل,چهل,4
ایجادشدن,ایجاد شدن,4
شناختن,شناختن,4
شناور,شناور,4
شبرنگ,شبرنگ,4
فراهمکردن,فراهم کردن,4
شبانه,شبانه,4
پیچ,پیچ,4
پیچاندن,پیچاندن,4
فوت,فوت,4
پیکان,پیکان,4
بازگشت,بازگشت,4
بافت,بافت,4
چرخاندن,چرخاندن,4
بالابردن,بالا بردن,4
بامداد,بامداد,4
انتظار,انتظار,4
پیله,پیله,4
بالا,بالا,4
شایسته,شایسته,4
شایستگی,شایستگی,4
شبیه,شبیه,4
بادامی,بادامی,4
اندیشه,اندیشه,4
شدید,شدید,4
بادکردن,باد کردن,4
شروع,شروع,4
کارشناسی,کارشناسی,4
چرت,چرت,4
شدت,شدت,4
فراگرفتن,فراگرفتن,4
بازوبند,بازوبند,4
فندقی,فندقی,4
بازرسی,بازرسی,4
فناوری,فناوری,4
بازدارنده,بازدارنده,4
کارگاه,کارگاه,4
الو,آلو,4
یکتیر,یک تیر,4
بیمه,بیمه,4
بیمزه,بی‌مزه,4
یک,یک,4
سرگذشت,سرگذشت,4
سرگردان,سرگردان,4
کشیدهشدن,کشیده شدن,4
کشیده,کشیده,4
یکرو,یکرو,4
غیررسمی,غیررسمی,4
بینمک,بی‌نمک,4
لایهای,لایه‌ای,4
لایه,لایه,4
شکستدادن,شکست دادن,4
اعتماد,اعتماد,4
سرپرست,سرپرست,4
شکست,شکست,4
یواش,یواش,4
اغاز,آغاز,4
افتابمهتاب,آفتاب‌مهتاب,4
یکهتاز,یکه‌تاز,4
بیصدا,بی‌صدا,4
پابرهنه,پابرهنه,4
سفر,سفر,4
قید,قید,4
بیست,بیست,4
شیوا,شیوا,4
شکاف,شکاف,4
کشوقوس,کش‌و‌قوس,4
اغازنمودن,آغازنمودن,4
یکسره,یک‌سره,4
اغازکردن,آغاز کردن,4
یکمتیر,یکم تیر,4
سستی,سستی,4
قیام,قیام,4
وضعیت,وضعیت,4
وسیله,وسیله,4
تجمع,تجمع,4
تجدید,تجدید,4
صاحب,صاحب,4
وعده,وعده,4
لطیف,لطیف,4
لطف,لطف,4
اصلاح,اصلاح,4
سخنگفتن,سخن گفتن,4
ورودی,ورودی,4
سخن,سخن,4
تخته,تخته,4
تحلیل,تحلیل,4
اشوب,آشوب,4
تحریککردن,تحریک کردن,4
سرد,سرد,4
یاری,یاری,4
سرفصل,سرفصل,4
تابلو,تابلو,4
یار,یار,4
لاک,لاک,4
اطمینان,اطمینان,4
کلاس,کلاس,4
لایهلایه,لایه‌لایه,4
تاج,تاج,4
لختکردن,لخت‌کردن,4
ولی,ولی,4
سرسوزن,سرسوزن,4
غیرحرفهای,غیرحرفه‌ای,4
سرطان,سرطان,4
کلام,کلام,4
الان,الان,4
کروبی,کروبی,4
ماما,ماما,4
قطر,قطر,4
سنگینی,سنگینی,4
البالویی,آلبالویی,4
قضاوتکردن,قضاوت‌کردن,4
سهگانه,سه‌گانه,4
سوارشدن,سوار شدن,4
سند,سند,4
شیرین,شیرین,4
پاییناوردن,پایین آوردن,4
پاییندست,پایین‌دست,4
سنی,سنی,4
پتروشیمی,پتروشیمی,4
قطعهقطعهکردن,قطعه‌قطعه‌کردن,4
پختن,پختن,4
سوارکردن,سوار کردن,4
پروانه,پروانه,4
قربانی,قربانی,4
کر,کر,4
قرارگرفتن,قرار گرفتن,4
قراردادن,قراردادن,4
قدی,قدی,4
کد,کد,4
قربانیکردن,قربانی کردن,4
قشنگ,قشنگ,4
پرداختکردن,پرداخت کردن,4
شیار,شیار,4
قرمزشدن,قرمزشدن,4
بهایی,بهایی,4
فاسد,فاسد,4
شیشه,شیشه,4
بیتوجهبودن,بی‌توجه‌بودن,4
سلاح,سلاح,4
سلسله,سلسله,4
بی‌توجهی,بی‌توجهی,4
افزایش,افزایش,4
کشدار,کش‌دار,4
افزودن,افزودن,4
قوس,قوس,4
شیطان,شیطان,4
افتضاح,افتضاح,4
بیروناوردن,بیرون‌آوردن,4
بیرونامدن,بیرون آمدن,4
بیرون,بیرون,4
بیدقت,بی‌دقت,4
کشف,کشف,4
قوه,قوه,4
پالش,پالش,4
شیشهشور,شیشه‌شور,4
پایانیافتن,پایان یافتن,4
شیشهشوی,شیشه‌شوی,4
کسبکردن,کسب‌کردن,4
پایاپای,پایاپای,4
غیرمستقیم,غیرمستقیم,4
سنا,سنا,4
پایدار,پایدار,4
شیشهپاککن,شیشه‌پاک‌کن,4
کشاورزی,کشاورزی,4
سلمانی,سلمانی,4
پانزدهدی,پانزده دی,4
قهرمان,قهرمان,4
پانزدهمدی,پانزدهم دی,4
افسونگر,افسون‌گر,4
جاافتاده,جاافتاده,4
ضبط,ضبط,4
مردانه,مردانه,4
رفتوامدکردن,رفت‌و‌آمد کردن,4
حوزه,حوزه,4
ادامهدادن,ادامه دادن,4
دست [ کسی ] امدن,دست [ کسی ] آمدن,4
کوچک,کوچک,4
حنبلی,حنبلی,4
جلبکردن,جلب کردن,4
مینا,مینا,4
حنفی,حنفی,4
روزانه,روزانه,4
حیات,حیات,4
اداره,اداره,4
دکور,دکور,4
دستخط,دست‌خط,4
نوع,نوع,4
ادادراوردن,ادا درآوردن,4
گفتن,گفتن,4
طریقه,طریقه,4
ضایع,ضایع,4
مشابه,مشابه,4
دستان,دستان,4
گوشدادن,گوش دادن,4
درکنمودن,درک نمودن,4
کیسه,کیسه,4
ادراککردن,ادراک کردن,4
جمله,جمله,4
ابدار,آبدار,4
منظمکردن,منظم کردن,4
کیس,کیس,4
جمعیت,جمعیت,4
نخودی,نخودی,4
راحت,راحت,4
مسدس,مسدس,4
محرک,محرک,4
عیار,عیار,4
حمایت,حمایت,4
منتقلکردن,منتقل کردن,4
نوا,نوا,4
خوشامدگفتن,خوش‌آمد گفتن,4
مسیولیت,مسئولیت,4
درک,درک,4
جلسه,جلسه,4
اتحاد,اتحاد,4
دریافت,دریافت,4
دریافتن,دریافتن,4
ادراک,ادراک,4
حملهکردن,حمله کردن,4
متحدشدن,متحد شدن,4
زبده,زبده,4
کوفتن,کوفتن,4
خواننده,خواننده,4
طفیلی,طفیلی,4
کوفته,کوفته,4
دشواری,دشواری,4
جازدن,جا زدن,4
ناکامی,ناکامی,4
دیلم,دیلم,4
اخطار,اخطار,4
خادم,خادم,4
جانور,جانور,4
مکانیک,مکانیک,4
مشخصه,مشخصه,4
جاداشتن,جا داشتن,4
مکتوب,مکتوب,4
اساس,اساس,4
ناپاک,ناپاک,4
گوینده,گوینده,4
مبارزه,مبارزه,4
جابهجاکردن,جابه‌جا کردن,4
مشهدی,مشهدی,4
ملاحظهکردن,ملاحظه کردن,4
دیسک,دیسک,4
جاری,جاری,4
جاروکش,جاروکش,4
خودبهخود,خودبه‌خود,4
ادا,ادا,4
نیاز,نیاز,4
عکس,عکس,4
خودداریکردن,خودداری کردن,4
رقم,رقم,4
ابادان,آبادان,4
ادابورسوم,آداب‌ورسوم,4
دستزدن,دست زدن,4
نی,نی,4
مشت,مشت,4
جانی,جانی,4
خود,خود,4
زردشتی,زردشتی,4
مبلغ,مبلغ,4
اخلاقی,اخلاقی,4
دستکشیدن,دست کشیدن,4
مبنا,مبنا,4
مرتبه,مرتبه,4
جاکردن,جا کردن,4
گوشواره,گوشواره,4
زرتشتی,زرتشتی,4
عایله,عایله,4
گاو,گاو,4
حسن,حسن,4
حافظه,حافظه,4
عنصر,عنصر,4
حافظ,حافظ,4
مومن,مومن,4
نغمهپرداز,نغمه‌پرداز,4
نغمهساز,نغمه‌ساز,4
نغمهسرا,نغمه‌سرا,4
دانگ,دانگ,4
عبارت,عبارت,4
ارزش,ارزش,4
میان,میان,4
عجب,عجب,4
عامیانه,عامیانه,4
نسخه,نسخه,4
عقب,عقب,4
کپینمودن,کپی نمودن,4
جگری,جگری,4
کپی,کپی,4
طبیعی,طبیعی,4
نفر,نفر,4
ارزیابیکردن,ارزیابی‌کردن,4
رسمورسوم,رسم‌ورسوم,4
ارس,ارس,4
گناهکار,گناهکار,4
ارامش,آرامش,4
عمیق,عمیق,4
گماشتن,گماشتن,4
عبورکردن,عبور کردن,4
روند,روند,4
حجم,حجم,4
مرکب,مرکب,4
رخدادن,رخ دادن,4
نصبکردن,نصب کردن,4
حرفهای,حرفه‌ای,4
داستان,داستان,4
حذفکردن,حذف کردن,4
حذف,حذف,4
مسابقه,مسابقه,4
دانه,دانه,4
طبقه,طبقه,4
حس,حس,4
نظموترتیب,نظم‌وترتیب,4
ربودن,ربودن,4
نعشکش,نعش‌کش,4
مریم,مریم,4
رویان,رویان,4
طبق,طبق,4
حجت,حجت,4
محدود,محدود,4
درخواست,درخواست,4
مهار,مهار,4
حقیقت,حقیقت,4
کیفور,کیفور,4
مهاجم,مهاجم,4
درد,درد,4
نمره,نمره,4
مهربانی,مهربانی,4
جوان,جوان,4
مهمان,مهمان,4
نقلکردن,نقل‌کردن,4
ارگ,ارگ,4
متوقفکردن,متوقف کردن,4
مردن,مردن,4
رگوریشه,رگ‌وریشه,4
مسخره,مسخره,4
کیش,کیش,4
ازادکردن,آزاد کردن,4
نه,نه,4
حل,حل,4
نر,نر,4
حلال,حلال,4
اتاق,اتاق,4
ریشه,ریشه,4
نقاشیکردن,نقاشی‌کردن,4
نقد,نقد,4
جوی,جوی,4
دراز,دراز,4
گلستان,گلستان,4
اراسته,آراسته,4
ریزریز,ریزریز,4
نفوذکردن,نفوذ کردن,4
نقاشی,نقاشی,4
اذری,آذری,4
نزدیک,نزدیک,4
ابکردن,آب‌کردن,4
ابکشیدن,آب کشیدن,4
گندمی,گندمی,4
خونی,خونی,4
درباز,درباز,4
جوشخورده,جوش‌خورده,4
مرغ,مرغ,4
ریسه,ریسه,4
تیره,تیره,4
دمکرده,دم‌کرده,4
دنا,دنا,4
احتیاط,احتیاط,4
روایت,روایت,4
گیرنده,گیرنده,4
دولت,دولت,4
نابودکردن,نابود کردن,4
نااندیشیده,نااندیشیده,4
دمکردن,دم‌کردن,4
گیرانداختن,گیر انداختن,4
صندل,صندل,4
نابهوقت,نابه‌وقت,4
کهنه,کهنه,4
زیاد,زیاد,4
معلوم,معلوم,4
ده,ده,4
1 تیر,1 تیر,4
هزار,هزار,4
معماری,معماری,4
استخوانی,استخوانی,4
طهارت,طهارت,4
خلاصه,خلاصه,4
روحانی,روحانی,4
مذهب,مذهب,4
عروس,عروس,4
خلقکردن,خلق کردن,4
روح,روح,4
گرمی,گرمی,4
4 شهریور,4 شهریور,4
نابایست,نابایست,4
مفتی,مفتی,4
هادی,هادی,4
مایع,مایع,4
زندگیکردن,زندگی کردن,4
2 اردیبهشت,2 اردیبهشت,4
احساس,احساس,4
دوماردیبهشت,دوم اردیبهشت,4
دمدار,دم‌دار,4
نابهنگام,نابهنگام,4
گره,گره,4
احساسکردن,احساس‌کردن,4
گیج,گیج,4
دماوند,دماوند,4
خردهفروشی,خرده‌فروشی,4
مددکار,مددکار,4
ره,ره,4
مانده,مانده,4
هفتم,هفتم,4
رهبر,رهبر,4
مطلب,مطلب,4
اجرا,اجرا,4
هفت,هفت,4
توسعه,توسعه,4
معرفی,معرفی,4
مدل,مدل,4
طیکردن,طی کردن,4
دوری,دوری,4
دواردیبهشت,دو اردیبهشت,4
هلدادن,هل‌دادن,4
گریزان,گریزان,4
معاون,معاون,4
دودکردن,دود کردن,4
زیرزبانی,زیرزبانی,4
هل,هل,4
نازک,نازک,4
استعداد,استعداد,4
توجهکردن,توجه کردن,4
توقف,توقف,4
استر,استر,4
ناظر,ناظر,4
دوستداشتن,دوست داشتن,4
نادرست,نادرست,4
خروجی,خروجی,4
رنگساز,رنگ‌ساز,4
روانی,روانی,4
دهانه,دهانه,4
دوش,دوش,4
دوستدار,دوستدار,4
مانعشدن,مانع‌شدن,4
هشیار,هشیار,4
اجازه,اجازه,4
معرفیکردن,معرفی کردن,4
زیبا,زیبا,4
دو,دو,4
15 دی,15 دی,4
مکعب,مکعب,4
مقابلهکردن,مقابله کردن,4
نکته,نکته,4
خانم,خانم,4
زنده,زنده,4
خمشدن,خم شدن,4
اخترشمار,اخترشمار,4
خاموشی,خاموشی,4
دلاور,دلاور,4
نگاشتن,نگاشتن,4
ثبات,ثبات,4
مایل,مایل,4
تکلیف,تکلیف,4
رنگ,رنگ,4
ناازموده,ناآزموده,4
نگهبان,نگهبان,4
گستره,گستره,4
نگرانی,نگرانی,4
تکتک,تک‌تک,4
گرفته,گرفته,4
علفی,علفی,4
تکثیر,تکثیر,4
عرصه,عرصه,4
زن,زن,4
خواب,خواب,4
ظهر,ظهر,4
دوچرخهسوار,دوچرخه‌سوار,4
مفسر,مفسر,4
عرق,عرق,4
محک,محک,4
مخالف,مخالف,4
خانواده,خانواده,4
اختلال,اختلال,4
دلار,دلار,4
صوت,صوت,4
خالق,خالق,4
نگاه,نگاه,4
ناموزون,ناموزون,4
گستردهشدن,گسترده شدن,4
محکمه,محکمه,4
مکتب,مکتب,3
داخله,داخله,3
پستهای,پسته‌ای,3
خنثیکردن,خنثی کردن,3
خندان,خندان,3
مومیایی,مومیایی,3
داخلشدن,داخل شدن,3
داخل,داخل,3
رنجور,رنجور,3
خنیاگر,خنیاگر,3
رستن,رستن,3
خصوصی,خصوصی,3
بزرگواربودن,بزرگوار بودن,3
برچسب,برچسب,3
بردمیدن,بردمیدن,3
ناخوشایند,ناخوشایند,3
خوببودن,خوب بودن,3
رمانتیک,رمانتیک,3
رشتن,رشتن,3
مدهوش,مدهوش,3
پرورشیافتن,پرورش‌یافتن,3
مرتب,مرتب,3
بزرگشدن,بزرگ شدن,3
پنجمی,پنجمی,3
خونگرفتن,خون گرفتن,3
میانه,میانه,3
خیابان,خیابان,3
مکان,مکان,3
مرتببودن,مرتب بودن,3
مرفه,مرفه,3
سیاهرو,سیاه‌رو,3
ناراست,ناراست,3
خواهشکردن,خواهش کردن,3
رسمکردن,رسم کردن,3
مرغی,مرغی,3
نادیدهگرفتن,نادیده گرفتن,3
نار,نار,3
ناراحتی,ناراحتی,3
مولد,مولد,3
بزرگکردن,بزرگ کردن,3
مربع,مربع,3
مراقبت,مراقبت,3
پرهیزکردن,پرهیز کردن,3
سیگارت,سیگارت,3
برافروختن,برافروختن,3
رهبری,رهبری,3
نازکردن,نازکردن,3
خوابیده,خوابیده,3
رز,رز,3
پسند,پسند,3
خشاب,خشاب,3
بستر,بستر,3
بندگی,بندگی,3
دار,دار,3
موضع,موضع,3
سیکلمه,سیکلمه,3
پرو,پرو,3
برانگیختن,برانگیختن,3
رمیده,رمیده,3
رهن,رهن,3
پسزدن,پس‌زدن,3
پسزمینه,پس‌زمینه,3
سپریشدن,سپری شدن,3
دارچینی,دارچینی,3
قران,قرآن,3
پوست,پوست,3
رهنما,رهنما,3
قاچاق,قاچاق,3
برابریکردن,برابری کردن,3
سپرده,سپرده,3
ردیفکردن,ردیف کردن,3
موفق,موفق,3
رساندن,رساندن,3
رنگکردن,رنگ کردن,3
مدیریت,مدیریت,3
برجستهسازی,برجسته‌سازی,3
سینما,سینما,3
خشکشدن,خشک شدن,3
پهلوان,پهلوان,3
رمزی,رمزی,3
داد,داد,3
داخلی,داخلی,3
خنک,خنک,3
خشکیدن,خشکیدن,3
پنس,پنس,3
ناز,ناز,3
خوابزده,خواب‌زده,3
دادگاه,دادگاه,3
پستی,پستی,3
موقع,موقع,3
برتریداشتن,برتری داشتن,3
برتربودن,برتر بودن,3
بندکردن,‌بند کردن,3
خواست,خواست,3
برج,برج,3
سیهرو,سیه‌رو,3
بزغاله,بزغاله,3
پروازکردن,پرواز کردن,3
میخکوب,میخکوب,3
قد,قد,3
سوگواری,سوگواری,3
برهوت,برهوت,3
برهمن,برهمن,3
سیزدهابان,سیزده آبان,3
سوگ,سوگ,3
بلاگردان,بلاگردان,3
سیزدهمابان,سیزدهم آبان,3
پرچمدار,پرچم‌دار,3
سیرک,سیرک,3
مرحله,مرحله,3
میلیون,میلیون,3
رفیق,رفیق,3
بروبیا,بروبیا,3
سی,سی,3
برگزیدن,برگزیدن,3
خوشباورانه,خوش‌باورانه,3
پلمب,پلمب,3
میلزدن,میل زدن,3
سیاستمدار,سیاستمدار,3
مردمسالاری,مردم‌سالاری,3
رقابت,رقابت,3
خلق,خلق,3
خوشخواب,خوش‌خواب,3
بشکه,بشکه,3
سویا,سویا,3
بلد,بلد,3
قالیباف,قالی‌باف,3
پلمپ,پلمپ,3
نابسامانی,نابسامانی,3
خوشبختی,خوشبختی,3
پلاک,پلاک,3
بغل,بغل,3
مذهبی,مذهبی,3
بریدگی,بریدگی,3
رفاه,رفاه,3
پشک,پشک,3
نااگاهانه,ناآگاهانه,3
مردم,مردم,3
خمارالود,خمارآلود,3
میهمان,میهمان,3
بغلی,بغلی,3
خورشید,خورشید,3
برچسبزدن,برچسب زدن,3
نااگاه,ناآگاه,3
خورشیدی,خورشیدی,3
خم,خم,3
مرخصی,مرخصی,3
برونته,برونته,3
پرکردن,پر کردن,3
بلاتکلیف,بلاتکلیف,3
خمارالوده,خمارآلوده,3
قتل,قتل,3
قبول,قبول,3
سیرابی,سیرابی,3
مرحمت,مرحمت,3
خلل,خلل,3
پف,پف,3
رقت,رقت,3
سیم,سیم,3
خوشگل,خوشگل,3
خفه,خفه,3
ناجور,ناجور,3
پناهگاه,پناهگاه,3
رل,رل,3
ناجوری,ناجوری,3
پشته,پشته,3
ناارام,ناآرام,3
خوشهچینی,خوشه‌چینی,3
ناتوانی,ناتوانی,3
برفی,برفی,3
قاطع,قاطع,3
رقیب,رقیب,3
خلا,خلائ,3
برفک,برفک,3
میت,میت,3
خونسرد,خونسرد,3
برزخ,برزخ,3
ناجی,ناجی,3
خونکردن,خون کردن,3
پری,پری,3
قدردانی,قدردانی,3
برزدن,بر زدن,3
قدرتنمایی,قدرت‌نمایی,3
رند,رند,3
قاضی,قاضی,3
سیمرغ,سیمرغ,3
سیال,سیال,3
خموش,خموش,3
مردهکش,مرده‌کش,3
میز,میز,3
خلال,خلال,3
نابودشدن,نابود شدن,3
مدیونبودن,مدیون‌بودن,3
مردودی,مردودی,3
رشدکردن,رشد کردن,3
برنج,برنج,3
خمودی,خمودی,3
قالب,قالب,3
برنامهریزیکردن,برنامه‌ریزی کردن,3
مرده,مرده,3
مراد,مراد,3
خوشهچین,خوشه‌چین,3
رشددادن,رشد دادن,3
قاعده,قاعده,3
برقراربودن,برقرار بودن,3
قاطیکردن,قاطی کردن,3
مردودکردن,مردود کردن,3
خوشه,خوشه,3
برم,برم,3
بشاش,بشاش,3
خودداری,خودداری,3
ناتوان,ناتوان,3
پلیکپی,پلی‌کپی,3
پیشدانشگاهی,پیش‌دانشگاهی,3
مقدر,مقدر,3
دلالت,دلالت,3
چرخکار,چرخ‌کار,3
دیدنی,دیدنی,3
بابل,بابل,3
شریک,شریک,3
دلالی,دلالی,3
چربیگیر,چر‌بی‌گیر,3
دیدار,دیدار,3
دید,دید,3
بابا,بابا,3
مقایسهکردن,مقایسه کردن,3
چرخخوردن,چرخ خوردن,3
شروعنمودن,شروع‌نمودن,3
باجخواه,باج‌خواه,3
شروعکردن,شروع کردن,3
دقیقه,دقیقه,3
مقدم,مقدم,3
دیروز,دیروز,3
دقیق,دقیق,3
چربیگیری,چر‌بی‌گیری,3
دیرش,دیرش,3
باجبگیر,باج‌بگیر,3
چرخ,چرخ,3
فعل,فعل,3
مفصل,مفصل,3
شعبه,شعبه,3
شعبدهباز,شعبده‌باز,3
مصحح,مصحح,3
چشم,چشم,3
ششگوشه,شش‌گوشه,3
ششگوش,شش‌گوش,3
مصدوم,مصدوم,3
دله,دله,3
چشمه,چشمه,3
مصرف,مصرف,3
دلوجگر,دل‌وجگر,3
دلجو,دل‌جو,3
چرککردن,چرک کردن,3
فطیر,فطیر,3
مقاوم,مقاوم,3
چروک,چروک,3
اگاهی,آگاهی,3
اگاهشدن,آگاه شدن,3
دلجوی,دل‌جوی,3
اگاه,آگاه,3
مفیدبودن,مفیدبودن,3
چشمی,چشمی,3
بارور,بارور,3
دیپلم,دیپلم,3
شخصی,شخصی,3
باری,باری,3
چانهزدن,چانه‌زدن,3
باریک,باریک,3
باریکشدن,باریک شدن,3
دستگیرکردن,دستگیر کردن,3
فلفل,فلفل,3
دشمنی,دشمنی,3
ملخ,ملخ,3
مشخصکردن,مشخص‌کردن,3
ملکه,ملکه,3
دچاروقفهکردن,دچار وقفه کردن,3
مشتری,مشتری,3
دستوردادن,دستور دادن,3
چارچوب,چارچوب,3
فلک,فلک,3
دستوپابسته,دست‌وپابسته,3
دیگر,دیگر,3
ممات,ممات,3
بارکش,بارکش,3
باریکه,باریکه,3
باربر,باربر,3
شرح,شرح,3
شرحدادن,شرح دادن,3
چتکردن,چت کردن,3
بادقت,بادقت,3
شربت,شربت,3
چتر,چتر,3
چرا,چرا,3
دفع,دفع,3
دفعکردن,دفع کردن,3
شرمناک,شرمناک,3
مقرری,مقرری,3
باجگیر,باج‌گیر,3
دیمی,دیمی,3
دعا,دعا,3
مشغولشدن,مشغول شدن,3
شرایط,شرایط,3
شدن,شدن,3
باراوردن,بارآوردن,3
مقیاس,مقیاس,3
دفاعکردن,دفاع کردن,3
مقصود,مقصود,3
فلس,فلس,3
بازبینیکردن,بازبینی کردن,3
دهماردیبهشت,دهم اردیبهشت,3
اویزان,آویزان,3
معرکه,معرکه,3
چینش,چینش,3
دهمابان,دهم آبان,3
دهلیز,دهلیز,3
چیرگی,چیرگی,3
چهلم,چهلم,3
اولدی,اول دی,3
شنیدنی,شنیدنی,3
دوزاری,دوزاری,3
مطالعهکردن,مطالعه کردن,3
دواتشه,دوآتشه,3
فروند,فروند,3
چینه,چینه,3
چیدن,چیدن,3
معلق,معلق,3
ایتالیایی,ایتالیایی,3
ایجاد,ایجاد,3
معلقماندن,معلق ماندن,3
دهاردیبهشت,ده اردیبهشت,3
دهابان,ده آبان,3
شنا,شنا,3
مضمون,مضمون,3
دهر,دهر,3
ای,آی,3
اهنپاره,آهن‌پاره,3
اهلکتاب,اهل کتاب,3
اهن,آهن,3
معاونت,معاونت,3
فروخفته,فروخفته,3
فروختن,فروختن,3
اهلسنتوجماعت,اهل سنت و جماعت,3
اهلسنت,اهل‌سنت,3
اهل,اهل,3
دوربین,دوربین,3
معاشر,معاشر,3
معتادکردن,معتادکردن,3
مطرب,مطرب,3
چپگرد,چپ‌گرد,3
مطرحکردن,مطرح کردن,3
دوتایی,دوتایی,3
فروش,فروش,3
دوز,دوز,3
فروغ,فروغ,3
معترض,معترض,3
دوختن,دوختن,3
شفاف,شفاف,3
شل,شل,3
مغزدار,مغزدار,3
چند,چند,3
دمان,دمان,3
شلوغ,شلوغ,3
اپارات,آپارات,3
شلوغکردن,شلوغ کردن,3
فساد,فساد,3
اینقدر,این‌قدر,3
شلوغپلوغ,شلوغ‌پلوغ,3
شلوغوپلوغ,شلوغ‌وپلوغ,3
دماغ,دماغ,3
چلیپا,چلیپا,3
دلیجان,دلیجان,3
شفت,شفت,3
مفارقت,مفارقت,3
شفاهی,شفاهی,3
فشردن,فشردن,3
دلگندگی,دل‌گندگی,3
چله,چله,3
فشاردادن,فشار دادن,3
دلگیر,دل‌گیر,3
چنگ,چنگ,3
معنی,معنی,3
دنده,دنده,3
دولا,دولا,3
چهارم,چهارم,3
دولاپهنا,دولاپهنا,3
شمرده,شمرده,3
دنبالهدار,دنباله‌دار,3
دوطرفه,دوطرفه,3
معلومکردن,معلوم کردن,3
چهارگوش,چهارگوش,3
چهرهسازی,چهره‌سازی,3
شمع,شمع,3
مغرب,مغرب,3
دمیدن,دمیدن,3
فزونی,فزونی,3
دوم,دوم,3
دمبریده,دم‌بریده,3
شمال,شمال,3
چهارشاخ,چهارشاخ,3
فریم,فریم,3
ایستاده,ایستاده,3
معین,معین,3
دستنویس,دست‌نویس,3
موسیقی,موسیقی,3
راهپیماییکردن,راهپیمائی کردن,3
موازنه,موازنه,3
بحثکردن,بحث کردن,3
راهیافتن,راه‌یافتن,3
راهکار,راهکار,3
دختر,دختر,3
فیش,فیش,3
شارژ,شارژ,3
بخشیدن,بخشیدن,3
شافعی,شافعی,3
درام,درام,3
راهنمایی,راهنمایی,3
شال,شال,3
درازشدن,دراز شدن,3
مو,مو,3
پیروزشدن,پیروز شدن,3
فیل,فیل,3
موتیف,موتیف,3
موثر,موثر,3
بخشش,بخشش,3
شادکام,شادکام,3
پیرامون,پیرامون,3
دایرکردن,دایر کردن,3
رایت,رایت,3
بخت,بخت,3
بخارپز,بخارپز,3
درامدن,درآمدن,3
شانسی,شانسی,3
مهمانخانه,مهمان‌خانه,3
مهماندار,مهمان‌دار,3
شانس,شانس,3
دربهدر,دربه‌در,3
دربوداغانکردن,درب‌و‌داغان کردن,3
پیشقدمبودن,پیش‌قدم‌بودن,3
درجهدار,درجه‌دار,3
راننده,راننده,3
رامشگری,رامشگری,3
رامشگر,رامشگر,3
بانمک,بانمک,3
دربند,دربند,3
دراویختن,درآویختن,3
باواسطه,باواسطه,3
شالوده,شالوده,3
پیشرفتن,پیش رفتن,3
مستحق,مستحق,3
دربرگرفتن,دربرگرفتن,3
مدرسه,مدرسه,3
پیشدبستانی,پیش‌دبستانی,3
پیشدستی,پیش‌دستی,3
بدل,بدل,3
فکل,فکل,3
رخ,رخ,3
مزاحم,مزاحم,3
رختاویز,رخت‌آویز,3
دانستن,دانستن,3
بدعتگذار,بدعت‌گذار,3
ربط,ربط,3
مزرعه,مزرعه,3
پولکی,پولکی,3
مزخرف,مزخرف,3
موزون,موزون,3
بدکار,بدکار,3
داغشدن,داغ شدن,3
داغان,داغان,3
بدیکردن,بدی کردن,3
مزاج,مزاج,3
داشتن,داشتن,3
پوستکلفت,پوست‌کلفت,3
سکس,سکس,3
پوشیدن,پوشیدن,3
موسسه,موسسه,3
پوچ,پوچ,3
بداخلاق,بداخلاق,3
دایرنمودن,دایر نمودن,3
موج,موج,3
پیداکردن,پیداکردن,3
داوطلب,داوطلب,3
شادمان,شادمان,3
راکت,راکت,3
دایره,دایره,3
بخیهزدن,بخیه‌زدن,3
بخیه,بخیه,3
پیر,پیر,3
رب,رب,3
پیام,پیام,3
پیالهفروشی,پیاله‌فروشی,3
شاداب,شاداب,3
موجود,موجود,3
ربایشگر,ربایشگر,3
شاخص,شاخص,3
پیامبری,پیامبری,3
بدجور,بدجور,3
شاد,شاد,3
درگوشی,درگوشی,3
درگیرکردن,درگیر کردن,3
منتشرکردن,منتشر کردن,3
منتشرشدن,منتشرشدن,3
بازگوکردن,بازگو کردن,3
مسکن,مسکن,3
منتظم,منتظم,3
شبه,شبه,3
باطلکردن,باطل کردن,3
منتزعکردن,منتزع کردن,3
شبی,شبی,3
فهم,فهم,3
بازگرداندن,بازگرداندن,3
دزدی,دزدی,3
ذخیرهکردن,ذخیره کردن,3
منجی,منجی,3
منحنی,منحنی,3
ذره,ذره,3
مسی,مسی,3
دریچه,دریچه,3
شبرو,شب‌رو,3
باسک,باسک,3
پیک,پیک,3
باسواد,باسواد,3
پیگیری,پیگیری,3
بازرگان,بازرگان,3
دکتر,دکتر,3
چادر,چادر,3
مناسببودن,مناسب بودن,3
دستدادن,دست دادن,3
پکوپوز,پک‌وپوز,3
من,من,3
دکاندار,دکان‌دار,3
بازخواندن,بازخواندن,3
شتابزده,شتاب‌زده,3
بازنمایی,بازنمایی,3
پژمردن,پژمردن,3
دگر,دگر,3
مش,مش,3
منتخب,منتخب,3
بازیکردن,بازی کردن,3
بازیگر,بازیگر,3
دستاویز,دستاویز,3
منبتکاری,منبت‌کاری,3
منبتکار,منبت‌کار,3
منبت,منبت,3
پیشنهادکردن,پیشنهاد کردن,3
مه,مه,3
راس,راس,3
راسته,راسته,3
درست,درست,3
مستند,مستند,3
پیل,پیل,3
رادیکال,رادیکال,3
منفیکردن,منفی کردن,3
بالاانداختن,بالا انداختن,3
راز,راز,3
پیلهور,پیله‌ور,3
پیغمبری,پیغمبری,3
رام,رام,3
بامزه,بامزه,3
بامیه,بامیه,3
فولادی,فولادی,3
باند,باند,3
مهتابی,مهتابی,3
راستگرد,راست‌گرد,3
مهارت,مهارت,3
پیشینه,پیشینه,3
پیشگامشدن,پیش‌گام شدن,3
درصد,درصد,3
منطقی,منطقی,3
پیوسته,پیوسته,3
پیوستن,پیوستن,3
منظم,منظم,3
شاکی,شاکی,3
منظور,منظور,3
منصوبکردن,منصوب‌کردن,3
فوتکردن,فوت کردن,3
مسمومکردن,مسموم کردن,3
مسند,مسند,3
پیوندزدن,پیوند زدن,3
پینهدوز,پینه‌دوز,3
درمان,درمان,3
منعکسکردن,منعکس کردن,3
درمقابل,درمقابل,3
باقیگذاشتن,باقی گذاشتن,3
راحتی,راحتی,3
فوقالعاده,فوق‌العاده,3
منعکردن,منع کردن,3
باقاعده,باقاعده,3
بافه,بافه,3
فوری,فوری,3
قطعه,قطعه,3
لوس,لوس,3
زجردادن,زجر دادن,3
ترجمه,ترجمه,3
سترون,سترون,3
ترجمهکردن,ترجمه کردن,3
ستایشکردن,ستایش کردن,3
نیام,نیام,3
جذبکردن,جذب کردن,3
نونهال,نونهال,3
نوشیدن,نوشیدن,3
زبانه,زبانه,3
زبانی,زبانی,3
نونوار,نونوار,3
تاس,تاس,3
نیرنگ,نیرنگ,3
زدگی,زدگی,3
نیرویجاذبه,نیروی جاذبه,3
مبهوت,مبهوت,3
ستارهدار,ستاره‌دار,3
جت,جت,3
جدا,جدا,3
ستارهشمار,ستاره‌شمار,3
واگذاشتن,واگذاشتن,3
جد,جد,3
ترسداشتن,ترس داشتن,3
جریمه,جریمه,3
سجده,سجده,3
وراندازکردن,ورانداز کردن,3
نورسیده,نورسیده,3
ورافتادن,ورافتادن,3
متشابه,متشابه,3
تذکردادن,تذکر دادن,3
ورد,ورد,3
ورزشکار,ورزش‌کار,3
ورطه,ورطه,3
جعبه,جعبه,3
متصدی,متصدی,3
سحر,سحر,3
لهولورده,له‌ولورده,3
تذکیر,تذکیر,3
وجود,وجود,3
نوزدهمفروردین,نوزدهم فروردین,3
تراشیدن,تراشیدن,3
نوسازی,نوسازی,3
متر,متر,3
وحشی,وحشی,3
ترادف,ترادف,3
جشن,جشن,3
متزلزل,متزلزل,3
نوزدهفروردین,نوزده فروردین,3
ترشکردن,ترش کردن,3
جامجم,جام‌جم,3
ساکتکردن,ساکت کردن,3
ساکتنمودن,ساکت نمودن,3
مباشر,مباشر,3
تسلا,تسلا,3
تسلط,تسلط,3
جاذبه,جاذبه,3
لیره,لیره,3
جالب,جالب,3
لیر,لیر,3
تسبیح,تسبیح,3
جاریکردن,جاری کردن,3
سایهسار,سایه‌سار,3
وارفتن,وارفتن,3
نپذیرفتن,نپذیرفتن,3
ثقیل,ثقیل,3
زمینه,زمینه,3
مباحثه,مباحثه,3
زمینی,زمینی,3
وادارکردن,وادار کردن,3
زمردی,زمردی,3
وارستگی,وارستگی,3
ثمر,ثمر,3
واردکردن,وارد کردن,3
جامد,جامد,3
سبککردن,سبک کردن,3
مبلسازی,مبل‌سازی,3
نیش,نیش,3
ترنج,ترنج,3
تره,تره,3
زرشک,زرشک,3
جانشینکردن,جانشین کردن,3
جانکندن,جان کندن,3
لولهبازکن,لوله‌بازکن,3
ترغیبکردن,ترغیب کردن,3
ترمز,ترمز,3
سبکسرانه,سبک‌سرانه,3
جاندار,جاندار,3
ترکیدن,ترکیدن,3
زشت,زشت,3
مبدع,مبدع,3
زعفرانی,زعفرانی,3
نیمهکاره,نیمه‌کاره,3
نیمروز,نیم‌روز,3
جانب,جانب,3
نیمبند,نیم‌بند,3
نیمرخ,نیم‌رخ,3
ترکه,ترکه,3
له,له,3
تباهکردن,تباه کردن,3
نمودن,نمودن,3
نمودکردن,نمود کردن,3
لطمه,لطمه,3
جنب,جنب,3
سربی,سربی,3
جناح,جناح,3
تبصره,تبصره,3
جنس,جنس,3
وقفکردن,وقف کردن,3
نمایشگاه,نمایشگاه,3
سرخاب,سرخاب,3
سرخ,سرخ,3
جمیع,جمیع,3
متقاضی,متقاضی,3
سربالا,سربالا,3
متقلب,متقلب,3
تجربه,تجربه,3
نهاذر,نه آذر,3
تجربهکردن,تجربه کردن,3
رگوپی,رگ‌وپی,3
تجارت,تجارت,3
متل,متل,3
سربسته,سربسته,3
تجاوز,تجاوز,3
لزوم,لزوم,3
جوابدادن,جواب دادن,3
تاواندادن,تاوان دادن,3
جواب,جواب,3
جهنمی,جهنمی,3
جهانگیر,جهان‌گیر,3
ریشهدار,ریشه‌دار,3
لختی,لختی,3
تاسیسکردن,تاسیس کردن,3
ویترای,ویترای,3
سرراهی,سرراهی,3
لجنی,لجنی,3
نقلی,نقلی,3
ریکاوری,ریکاوری,3
متهم,متهم,3
جنگل,جنگل,3
نمایشدادن,نمایش دادن,3
تباهی,تباهی,3
ولایت,ولایت,3
سرخگشتن,سرخ گشتن,3
تاکردن,تا کردن,3
جنگنده,جنگنده,3
تب,تب,3
نهاندان,نهان‌دان,3
جلوگیریکردن,جلوگیری‌کردن,3
نوار,نوار,3
جلورفتن,جلو رفتن,3
سخنرانی,سخن‌رانی,3
وزارت,وزارت,3
جلف,جلف,3
نواختن,نواختن,3
تحول,تحول,3
وزن,وزن,3
لمسکردن,لمس کردن,3
سد,سد,3
سخنگو,سخن‌گو,3
لنگ,لنگ,3
تخلیه,تخلیه,3
سختشدن,سخت شدن,3
ورقه,ورقه,3
نوبتی,نوبتی,3
جفتکردن,جفت کردن,3
جلد,جلد,3
جلب,جلب,3
متعجب,متعجب,3
نوباوگی,نوباوگی,3
تخصصی,تخصصی,3
نهیب,نهیب,3
لغوکردن,لغو کردن,3
سرامیک,سرامیک,3
تجویز,تجویز,3
سراغاز,سرآغاز,3
جمهور,جمهور,3
وسعتیافتن,وسعت یافتن,3
زال,زال,3
تجلی,تجلی,3
تجزیهکردن,تجزیه کردن,3
لغو,لغو,3
سرایتکردن,سرایت کردن,3
وسعتدادن,وسعت دادن,3
نهماذر,نهم آذر,3
جمعی,جمعی,3
تحقیق,تحقیق,3
وزیر,وزیر,3
جماعت,جماعت,3
نهایی,نهایی,3
نهایت,نهایت,3
تحریم,تحریم,3
جمعگرایی,جمع‌گرایی,3
تحصیل,تحصیل,3
ثابتکردن,ثابت کردن,3
زوزه,زوزه,3
ساختمان,ساختمان,3
تمرین,تمرین,3
تمرینکردن,تمرین کردن,3
ماشین,ماشین,3
همه,همه,3
تونیک,تونیک,3
توهمزا,توهم‌زا,3
ماسیدن,ماسیدن,3
تمایل,تمایل,3
هموارکردن,هموار کردن,3
زی,زی,3
ماهانه,ماهانه,3
مانور,مانور,3
زیارتکردن,زیارت کردن,3
زیان,زیان,3
هممسلک,هم‌مسلک,3
توفیق,توفیق,3
تنبل,تنبل,3
همصدایی,هم‌صدایی,3
هستی,هستی,3
همنشین,هم‌نشین,3
هزینه,هزینه,3
تولیدی,تولیدی,3
هممیهن,هم‌میهن,3
توپ,توپ,3
هموغم,هم‌وغم,3
تلفن,تلفن,3
مازو,مازو,3
همگانی,همگانی,3
همکاری,همکاری,3
تلکهبگیر,تلکه‌بگیر,3
تلکهگیر,تلکه‌گیر,3
هنباز,هنباز,3
مارک,مارک,3
ماهی,ماهی,3
هندی,هندی,3
تلخ,تلخ,3
مارگیر,مارگیر,3
تماس,تماس,3
زورکی,زورکی,3
توپزدن,توپ زدن,3
ساختگی,ساختگی,3
تماشاچی,تماشاچی,3
تمامقد,تمام‌قد,3
زود,زود,3
هراسان,هراسان,3
تیاتر,تئاتر,3
زور,زور,3
ماهیانه,ماهیانه,3
تنین,تنین,3
تنگه,تنگه,3
مالی,مالی,3
هم‌جنس,هم‌جنس,3
تودهای,توده‌ای,3
تهاتری,تهاتری,3
تهاجمی,تهاجمی,3
توده,توده,3
توری,توری,3
همخوانی,همخوانی,3
تنگ,تنگ,3
توزرد,توزرد,3
هفتتیر,هفت‌تیر,3
زید,زید,3
توانایی,توانایی,3
زیردست,زیردست,3
زیردستی,زیردستی,3
هماهنگی,هماهنگی,3
هم,هم,3
هماندازه,هم‌اندازه,3
توحید,توحید,3
هفدهمی,هفده می,3
زیرپایی,زیرپایی,3
توت,توت,3
هماوایی,هم‌آوایی,3
مالاندن,مالاندن,3
تندرو,تندرو,3
زیگزاگ,زیگزاگ,3
زیکزاک,زیکزاک,3
همسر,همسر,3
همسان,همسان,3
همزه,همزه,3
ماشینیکردن,ماشینی کردن,3
همشهری,همشهری,3
توفیر,توفیر,3
همشکل,هم‌شکل,3
مانند,مانند,3
هشتمی,هشت می,3
توس,توس,3
همدوره,هم‌دوره,3
همدهنی,هم‌دهنی,3
تنور,تنور,3
توزیعکردن,توزیع کردن,3
تنقیه,تنقیه,3
مال,مال,3
همراهکردن,همراه کردن,3
همراهی,همراهی,3
تنها,تنها,3
تل,تل,3
لیف,لیف,3
تکفرزند,تک‌فرزند,3
سالنامه,سال‌نامه,3
زندان,زندان,3
نگریستن,نگریستن,3
نگفتنی,نگفتنی,3
هیهات,هیهات,3
تعجبزده,تعجب‌زده,3
سالوس,سالوس,3
سالگرد,سالگرد,3
نگاهکردن,نگاه کردن,3
تضاد,تضاد,3
لک,لک,3
سالیانه,سالیانه,3
نگهبانی,نگهبانی,3
مات,مات,3
تعصبی,تعصبی,3
هاجوواج,هاج‌وواج,3
تعقیب,تعقیب,3
هیجان,هیجان,3
زندهماندن,زنده ماندن,3
تعصب,تعصب,3
تعدیکردن,تعدی کردن,3
سالروز,سالروز,3
سالانه,سالانه,3
زندانیشدن,زندانی‌شدن,3
تکیهکردن,تکیه کردن,3
تکهتکه,تکه‌تکه,3
تشکیلشدن,تشکیل شدن,3
ساندویچی,ساندویچی,3
تکنیکی,تکنیکی,3
تکیهگاه,تکیه‌گاه,3
سایت,سایت,3
سایل,سائل,3
تکیهگه,تکیه‌گه,3
تشویقکردن,تشویق کردن,3
مایه,مایه,3
تصمیم,تصمیم,3
وابسته,وابسته,3
تصفیه,تصفیه,3
وابستهکردن,وابسته کردن,3
تصمیمگرفتن,تصمیم گرفتن,3
تصور,تصور,3
واجب,واجب,3
تصرف,تصرف,3
تصدیق,تصدیق,3
وابستگی,وابستگی,3
تصرفکردن,تصرف کردن,3
تعویض,تعویض,3
هواخواه,هواخواه,3
هنگام,هنگام,3
تقسیم,تقسیم,3
تیزاب,تیزاب,3
زهی,زهی,3
تقسیمنمودن,تقسیم نمودن,3
زهره,زهره,3
زهرماری,زهرماری,3
تیغزدن,تیغ زدن,3
هجدهمی,هجده می,3
تیزی,تیزی,3
تقدمداشتن,تقدم داشتن,3
هدردادن,هدر دادن,3
هنرپیشه,هنرپیشه,3
تقویتکردن,تقویت کردن,3
تقویت,تقویت,3
مارپیچ,مارپیچ,3
هدف,هدف,3
هنرمند,هنرمند,3
مارمولک,مارمولک,3
تقطیعکردن,تقطیع کردن,3
تقلیدکردن,تقلید کردن,3
تقلیل,تقلیل,3
تفکیککردن,تفکیک کردن,3
تغذیه,تغذیه,3
مادر,مادر,3
تغییر,تغییر,3
تکان,تکان,3
زندهکردن,زنده کردن,3
هاله,هاله,3
مادامالعمر,مادام‌العمر,3
ماخذ,مآخذ,3
تعویضکردن,تعویض کردن,3
ساعتساز,ساعت‌ساز,3
تکاندادن,تکان دادن,3
تفحص,تفحص,3
تفریحی,تفریحی,3
هواکشیدن,هوا کشیدن,3
تفننی,تفننی,3
تیغزن,تیغ‌زن,3
هوانوردی,هوانوردی,3
هود,هود,3
تیپ,تیپ,3
تیمور,تیمور,3
هتلداری,هتلداری,3
تیمارگر,تیمارگر,3
پرنده,پرنده,3
قلمزنی,قلم‌زنی,3
ناکامشدن,ناکام شدن,3
بهکاررفتن,به کار رفتن,3
خارجشدن,خارج شدن,3
خارجساختن,خارج ساختن,3
سنجشکردن,سنجش‌کردن,3
بهکاربردن,به کار بردن,3
خاصه,خاصه,3
پایینامدن,پایین آمدن,3
محمول,محمول,3
ناپدیدشدن,ناپدید شدن,3
پاییزه,پاییزه,3
خاش,خاش,3
تازهوارد,تازه‌وارد,3
خاتمهدادن,خاتمه دادن,3
نباتی,نباتی,3
نبرد,نبرد,3
حکومت,حکومت,3
حکمکردن,حکم کردن,3
حیوانی,حیوانی,3
بوستان,بوستان,3
ناگهانی,ناگهانی,3
ناگفتنی,ناگفتنی,3
بودادن,بو دادن,3
خاتم,خاتم,3
سنبله,سنبله,3
خال,خال,3
پاککننده,پاک‌کننده,3
خامهزن,خامه‌زن,3
خامه,خامه,3
پاکشدن,پاک شدن,3
قلب,قلب,3
خام,خام,3
خاموشکردن,خاموش کردن,3
محکمنمودن,محکم نمودن,3
محکمکردن,محکم کردن,3
محکمکاری,محکم‌کاری,3
خانهدار,خانه‌دار,3
محوطه,محوطه,3
سنگ,سنگ,3
قلمبه,قلمبه,3
بهوجوداورنده,به‌وجودآورنده,3
محنت,محنت,3
ناپایدار,ناپایدار,3
بهپایانرسیدن,به پایان رسیدن,3
خالی,خالی,3
بههمخوردن,به هم خوردن,3
محو,محو,3
بههوارفتن,به هوا رفتن,3
پاپتی,پاپتی,3
نتراشیده,نتراشیده,3
بیانفرمودن,بیان فرمودن,3
قوت,قوت,3
نخست,نخست,3
پاشیدن,پاشیدن,3
پاشنه,پاشنه,3
پاشدن,پا شدن,3
پاسور,پاسور,3
قوام,قوام,3
سلف,سلف,3
بیاننمودن,بیان نمودن,3
بیانکردن,بیان کردن,3
قو,قو,3
نخاله,نخاله,3
روزبهخیر,روزبه‌خیر,3
حلب,حلب,3
بیتوجهیکردن,بی‌توجهی‌کردن,3
پاسخنامه,پاسخ‌نامه,3
محسوب,محسوب,3
پاسخ,پاسخ,3
بیثمر,بی‌ثمر,3
حمایتکردن,حمایت کردن,3
پاسدادن,پاس‌دادن,3
بی‌تفاوت,بی‌تفاوت,3
محشر,محشر,3
پاسخگو,پاسخ‌گو,3
سماق,سماق,3
پایاندادن,پایان دادن,3
نجات,نجات,3
نجاتدادن,نجات دادن,3
نجاتدهنده,نجات‌دهنده,3
قهر,قهر,3
حیران,حیران,3
حیرتزده,حیرت‌زده,3
قمر,قمر,3
قنادی,قنادی,3
قناس,قناس,3
پانزدهمی,پانزدهمی,3
نحوه,نحوه,3
پانزدهاردیبهشت,پانزده اردیبهشت,3
بیاعتنا,بی‌اعتنا,3
حواله,حواله,3
قهرمانی,قهرمانی,3
بیانداشتن,بیان داشتن,3
پانزدهماردیبهشت,پانزدهم اردیبهشت,3
بیارزش,بی‌ارزش,3
حوت,حوت,3
بیاشکال,بی‌اشکال,3
مخاطب,مخاطب,3
پرسان,پرسان,3
بهجاگذاردن,به جا گذاردن,3
ناشناس,ناشناس,3
روال,روال,3
قسم,قسم,3
خرمایی,خرمایی,3
پردازش,پردازش,3
قسط,قسط,3
سوراخسوراخکردن,سوراخ‌سوراخ کردن,3
قرینه,قرینه,3
سورنا,سورنا,3
رواج,رواج,3
خرچنگ,خرچنگ,3
مدافع,مدافع,3
خردکردن,خرد کردن,3
پرحرارت,پرحرارت,3
خردهریزه,خرده‌ریزه,3
خردهریز,خرده‌ریز,3
ناقل,ناقل,3
پرجوشوخروش,پرجوش‌وخروش,3
سوت,سوت,3
قسمتکردن,قسمت کردن,3
ناقص,ناقص,3
سود,سود,3
خردهفروش,خرده‌فروش,3
روایتکردن,روایت کردن,3
خسته,خسته,3
بهار,بهار,3
پرمایه,پرمایه,3
ناسالم,ناسالم,3
ناسالمی,ناسالمی,3
خسارت,خسارت,3
خستهکردن,خسته کردن,3
به,به,3
ناسازگار,ناسازگار,3
خستهکننده,خسته‌کننده,3
سوز,سوز,3
پرشتاب,پرشتاب,3
خرگوش,خرگوش,3
خزانهداری,خزانه‌داری,3
روا,روا,3
پرسشگرانه,پرسش‌گرانه,3
پرسش,پرسش,3
بهتزده,بهت‌زده,3
ناسنجیده,ناسنجیده,3
پرش,پرش,3
پرسنده,پرسنده,3
بهبه,به‌به,3
پختهشدن,پخته شدن,3
خداوندگار,خداوندگار,3
بهشدت,به شدت,3
قطبنما,قطب‌نما,3
ختم,ختم,3
مخرج,مخرج,3
پدیداورنده,پدیدآورنده,3
خبرچینیکردن,خبرچینی کردن,3
مخفیکردن,مخفی کردن,3
مخلوط,مخلوط,3
نامطمین,نامطمئن,3
خداداد,خداداد,3
خدا,خدا,3
نامناسب,نامناسب,3
پدیداوردن,پدید آوردن,3
مخاطره,مخاطره,3
مختصر,مختصر,3
پخششدن,پخش شدن,3
خبردادن,خبر دادن,3
سهراهی,سه‌راهی,3
خبرچین,خبرچین,3
خبریافتن,خبر یافتن,3
نامیدن,نامیدن,3
نامبردن,نام بردن,3
نامتناسب,نامتناسب,3
خرافاتی,خرافاتی,3
پرتقالی,پرتقالی,3
خرازی,خرازی,3
قصد,قصد,3
خرجکردن,خرج کردن,3
سواکردن,سوا کردن,3
نالهکردن,ناله کردن,3
نام,نام,3
بهدستاوردن,به دست آوردن,3
بهدین,به‌دین,3
نامزد,نامزد,3
پراکندن,پراکندن,3
سهپایه,سه‌پایه,3
پراب,پرآب,3
مداح,مداح,3
نامزدی,نامزدی,3
قصهپرداز,قصه‌پرداز,3
قصدداشتن,قصد داشتن,3
پرتراکم,پرتراکم,3
سواری,سواری,3
خرابی,خرابی,3
بیحاصل,بی‌حاصل,3
رویایی,رویایی,3
حامل,حامل,3
بینه,بینه,3
بینهایت,بی‌نهایت,3
رویی,رویی,3
روییدن,روییدن,3
نعمت,نعمت,3
یلخی,یلخی,3
نظیر,نظیر,3
نظرکردن,نظر کردن,3
نظمدهی,نظم‌دهی,3
رویدادن,روی دادن,3
حالتدادن,حالت دادن,3
لایعقل,لایعقل,3
بیکار,بیکار,3
یبس,یبس,3
یتیمشدن,یتیم‌شدن,3
بیگانه,بیگانه,3
یاقوتی,یاقوتی,3
سروش,سروش,3
ید,ید,3
لانه,لانه,3
بیوه,بیوه,3
لایحه,لایحه,3
بینشان,بی‌نشان,3
بیگاه,بی‌گاه,3
سرکار,سرکار,3
لاشخور,لاشخور,3
نظرتنگ,نظرتنگ,3
یونس,یونس,3
یومیه,یومیه,3
بیمقدار,بی‌مقدار,3
بیمایه,بی‌مایه,3
نظامی,نظامی,3
حرج,حرج,3
سرکوبکردن,سرکوب کردن,3
ییلاق,ییلاق,3
سرکشیدن,سر کشیدن,3
بیمناسبت,بی‌مناسبت,3
بینایی,بینایی,3
بی‌نام,بی‌نام,3
یمین,یمین,3
مجرا,مجرا,3
بینش,بینش,3
یوسف,یوسف,3
بیمناک,بیم‌ناک,3
سرپرستی,سرپرستی,3
سریع,سریع,3
سرپا,سرپا,3
ریدن,ریدن,3
سرعت,سرعت,3
جوشیدن,جوشیدن,3
مثابه,مثابه,3
تاختن,تاختن,3
نقشه,نقشه,3
تاخوردن,تا خوردن,3
نقرهای,نقره‌ای,3
وکیل,وکیل,3
تاتنهام,تاتنهام,3
تاثیرگذار,تاثیرگذار,3
تاثیرگذاشتن,تاثیر گذاشتن,3
سرشکسته,سرشکسته,3
جوشخوردن,جوش خوردن,3
تارک,تارک,3
نقصان,نقصان,3
جور,جور,3
سرشاخ,سرشاخ,3
تازه,تازه,3
جوش,جوش,3
جوشان,جوشان,3
جوزا,جوزا,3
سرشتن,سرشتن,3
ریدمان,ریدمان,3
روپوش,روپوش,3
یادکردن,یاد کردن,3
بیگنه,بی‌گنه,3
حاشیهنشینی,حاشیه‌نشینی,3
بچهبازی,بچه‌بازی,3
ریا,ریا,3
ریاست,ریاست,3
مجازات,مجازات,3
یاس,یاس,3
یافتن,یافتن,3
حاضرشدن,حاضر شدن,3
بیگفتگو,بی‌گفتگو,3
بیگناه,بی‌گناه,3
حاجتمند,حاجت‌مند,3
ریختوپاش,ریخت‌وپاش,3
جگر,جگر,3
جین,جین,3
جیره,جیره,3
تاب,تاب,3
مجاری,مجاری,3
بچهگانه,بچه‌گانه,3
بکر,بکر,3
سرمایهداری,سرمایه‌داری,3
یکدست,یک‌دست,3
سلب,سلب,3
بیرمق,بی‌رمق,3
بیرونی,بیرونی,3
حضوریافتن,حضوریافتن,3
حضوری,حضوری,3
پارادوکس,پارادوکس,3
بیریخت,بی‌ریخت,3
محبت,محبت,3
نزول,نزول,3
محبوب,محبوب,3
محتاطانه,محتاطانه,3
بیرونانداختن,بیرون انداختن,3
حفاظ,حفاظ,3
نزدیکی,نزدیکی,3
بیزحمت,بی‌زحمت,3
بیستونهمبهمن,بیست‌ونهم بهمن,3
حشو,حشو,3
بیستونهبهمن,بیست‌ونه بهمن,3
پادشاهی,پادشاهی,3
بیستوپنجاسفند,بیست‌وپنج اسفند,3
بیستوپنجماسفند,بیست‌وپنجم اسفند,3
قیامت,قیامت,3
نساجی,نساجی,3
نسبی,نسبی,3
حصار,حصار,3
محاسبهگری,محاسبه‌گری,3
محاسبه,محاسبه,3
قوچ,قوچ,3
بیخاصیت,بی‌خاصیت,3
نرخ,نرخ,3
بیخود,بی‌خود,3
سقوط,سقوط,3
بیخیالی,بی‌خیالی,3
محتوا,محتوا,3
قوم,قوم,3
سلامت,سلامت,3
بیحال,بی‌حال,3
بیحساب,بی‌حساب,3
بیحسابوکتاب,بی‌حساب‌وکتاب,3
بیدارشدن,بیدار شدن,3
قوی,قوی,3
حقشناس,حق‌شناس,3
نرمی,نرمی,3
پارسی,پارسی,3
نرمه,نرمه,3
بیدارکردن,بیدار کردن,3
حقوق,حقوق,3
بیدغدغه,بی‌دغدغه,3
روزنامه,روزنامه,3
یکمدی,یکم دی,3
نشر,نشر,3
روشندل,روشن‌دل,3
روشنشدن,روشن شدن,3
یکسان,یکسان,3
نشسته,نشسته,3
حرکتکردن,حرکت کردن,3
بیقواره,بی‌قواره,3
یکلا,یک‌لا,3
حسابداری,حسابداری,3
یکم,یکم,3
یکضرب,یک‌ضرب,3
سزاواری,سزاواری,3
روشنی,روشنی,3
حرفه,حرفه,3
یکرنگ,یک‌رنگ,3
روغن,روغن,3
یکدی,یک دی,3
حریف,حریف,3
حرفزدن,حرف زدن,3
نشیمن,نشیمن,3
حرکتدادن,حرکت‌دادن,3
مجمع,مجمع,3
حرکت,حرکت,3
نسق,نسق,3
نسنجیده,نسنجیده,3
نسیه,نسیه,3
روزگار,روزگار,3
روستا,روستا,3
یکپارچه,یک‌پارچه,3
محارب,محارب,3
پابرجا,پا‌برجا,3
روزی,روزی,3
بیسروسامانی,بی‌سروسامانی,3
بیسواد,بی‌سواد,3
بیسیرت,بی‌سیرت,3
حسابکردن,حساب کردن,3
یکمی,یکمی,3
روسیه,روسیه,3
سستکردن,سست کردن,3
بیعلاقهبودن,بی‌علاقه‌بودن,3
حسابرسی,حساب‌رسی,3
بیضا,بیضا,3
حسابگری,حسابگری,3
روسی,روسی,3
حسابگر,حسابگر,3
حسابگرانه,حسابگرانه,3
گچگرفتن,گچ‌گرفتن,3
گرما,گرما,3
کاوش,کاوش,3
امروز,امروز,3
کاکایویی,کاکائویی,3
کاپیتان,کاپیتان,3
گرفتوگیر,گرفت‌وگیر,3
طلبکار,طلبکار,3
گرمخانه,گرم‌خانه,3
کاهگلی,کاهگلی,3
اموختن,آموختن,3
کاهشدادن,کاهش دادن,3
احدیت,احدیت,3
امنیت,امنیت,3
کاهی,کاهی,3
طفرهرفتن,طفره رفتن,3
امتحان,امتحان,3
طلاسازی,طلاسازی,3
اخراجکردن,اخراج کردن,3
فتح,فتح,3
امایش,آمایش,3
گردویی,گردویی,3
طلایی,طلایی,3
کاکل,کاکل,3
اختلافداشتن,اختلاف داشتن,3
گرفتارکردن,گرفتار کردن,3
گرفتاری,گرفتاری,3
طور,طور,3
اجارهکردن,اجاره‌کردن,3
امیزش,آمیزش,3
اثرگذاشتن,اثر گذاشتن,3
اجارهدار,اجاره‌دار,3
اجازهدادن,اجازه دادن,3
گرگ,گرگ,3
ظاهر,ظاهر,3
اثرداشتن,اثر داشتن,3
گزافگویی,گزاف‌گویی,3
گزافهگویی,گزافه‌گویی,3
ظرافت,ظرافت,3
امیزه,آمیزه,3
اجتماع,اجتماع,3
طیف,طیف,3
اجرفرش,آجرفرش,3
فدراسیون,فدراسیون,3
اموزگار,آموزگار,3
اجری,آجری,3
طولانی,طولانی,3
امیختن,آمیختن,3
اجتماعی,اجتماعی,3
اجتنابکردن,اجتناب کردن,3
اجر,اجر,3
اجراییات,اجرائیات,3
طغیان,طغیان,3
اثباتکردن,اثبات کردن,3
الکتریکی,الکتریکی,3
عملی,عملی,3
اراستن,آراستن,3
گاوچران,گاوچران,3
ارامشدن,آرام شدن,3
کتوکلفت,کت‌وکلفت,3
الکترونیکی,الکترونیکی,3
کتان,کتان,3
عمله,عمله,3
کتابی,کتابی,3
الگو,الگو,3
گداختن,گداختن,3
ارابهران,ارابه‌ران,3
کتیبه,کتیبه,3
گاهشمار,گاه‌شمار,3
کثیفی,کثیفی,3
اراک,اراک,3
کج,کج,3
ارتش,ارتش,3
عمو,عمو,3
عمومی,عمومی,3
فامیل,فامیل,3
طبیعت,طبیعت,3
ارامگرفتن,آرام گرفتن,3
فامیلی,فامیلی,3
ارایش,آرایش,3
عملنمودن,عمل نمودن,3
الگوگذاری,الگوگذاری,3
اداکردن,ادا کردن,3
فاکتور,فاکتور,3
طرفداری,طرفداری,3
طرفدار,طرفدار,3
کتاب,کتاب,3
ادبی,ادبی,3
طریق,طریق,3
گردان,گردان,3
گرداوری,گردآوری,3
شهسوار,شهسوار,3
کبریتی,کبریتی,3
امانت,امانت,3
امامت,امامت,3
امار,آمار,3
امادگی,آمادگی,3
امادهشدن,آماده شدن,3
طراز,طراز,3
گذر,گذر,3
اماره,اماره,3
عمق,عمق,3
طردکردن,طرد کردن,3
طرحواره,طرحواره,3
امارگر,آمارگر,3
گنجیاب,گنج‌یاب,3
ابری,ابری,3
ابریز,آبریز,3
عدد,عدد,3
فرجه,فرجه,3
عقاب,عقاب,3
اندوخته,اندوخته,3
کاری,کاری,3
کاروان,کاروان,3
کاروانسرا,کاروان‌سرا,3
گنگ,گنگ,3
گنهکار,گنهکار,3
گنهالود,گنه‌آلود,3
اند,آند,3
عقبماندن,عقب ماندن,3
گمنام,گمنام,3
گمرک,گمرک,3
فراگیری,فراگیری,3
اندرون,اندرون,3
عقبمانده,عقب‌مانده,3
گمراهکردن,گمراه کردن,3
کارگری,کارگری,3
عقبافتاده,عقب‌افتاده,3
عجز,عجز,3
فرتوتی,فرتوتی,3
گناهالود,گناه‌آلود,3
عطش,عطش,3
عدمموفقیت,عدم موفقیت,3
عده,عده,3
کارتکس,کارتکس,3
اببر,آب‌بر,3
اببستن,آب بستن,3
انضباط,انضباط,3
گوشکردن,گوش کردن,3
فرصتدادن,فرصت دادن,3
انفجاری,انفجاری,3
انفجار,انفجار,3
کارتخوان,کارت‌خوان,3
گوشگرفتن,گوش گرفتن,3
عدسی,عدسی,3
گودی,گودی,3
گوجهای,گوجه‌ای,3
ابدیده,آب‌دیده,3
عطار,عطار,3
گواه,گواه,3
ابراهیم,ابراهیم,3
کاردکس,کاردکس,3
فرستنده,فرستنده,3
ابتدایی,ابتدایی,3
گورکن,گورکن,3
ابخوردن,آب خوردن,3
گزندواردکردن,گزندواردکردن,3
گشتزدن,گشت زدن,3
فراز,فراز,3
کامرانی,کامرانی,3
اتشک,آتشک,3
کامروایی,کام‌روایی,3
اتفاق,اتفاق,3
علف,علف,3
گشودن,گشودن,3
گفتگوکردن,گفت‌گو کردن,3
فرازرسیدن,فراز رسیدن,3
انباز,انباز,3
اتشزدن,آتش زدن,3
انبارکردن,انبار کردن,3
کاستن,کاستن,3
ظلمت,ظلمت,3
گسترشیافتن,گسترش‌یافتن,3
کامپیوتر,کامپیوتر,3
گسترده,گسترده,3
گزیدن,گزیدن,3
فراخواندن,فراخواندن,3
امکان,امکان,3
اناری,اناری,3
فرارو,فرارو,3
عاجی,عاجی,3
کامیابی,کامیابی,3
کالبد,کالبد,3
ابوتابدادن,آب‌وتاب دادن,3
عایلهمندی,عائله‌مندی,3
گلهمند,گله‌مند,3
گلهدار,گله‌دار,3
اتاقک,اتاقک,3
گله,گله,3
ابورز,آب‌ورز,3
کاشانه,کاشانه,3
عقبه,عقبه,3
ابله,ابله,3
عقد,عقد,3
عقرب,عقرب,3
فرانمودن,فرانمودن,3
ابگاه,آبگاه,3
علافی,علافی,3
ابگینه,آبگینه,3
کافوری,کافوری,3
انتزاعکردن,انتزاع کردن,3
ابکی,آبکی,3
انتفاضه,انتفاضه,3
انتظامی,انتظامی,3
عقیمکردن,عقیم کردن,3
علاج,علاج,3
گلریزان,گل‌ریزان,3
طباخی,طباخی,3
صف,صف,3
اعیانی,اعیانی,3
کمگذاشتن,کم گذاشتن,3
کمککار,کمک‌کار,3
کمکردن,کم کردن,3
صغیر,صغیر,3
اعلامکردن,اعلام کردن,3
صفت,صفت,3
استنکاف,استنکاف,3
شکاری,شکاری,3
کنارگذاشتن,کنار گذاشتن,3
شکافتن,شکافتن,3
کناری,کناری,3
کشکی,کشکی,3
شکسته,شکسته,3
کمیسیون,کمیسیون,3
کمینه,کمینه,3
غیرطبیعی,غیرطبیعی,3
اسم,اسم,3
اعتقادداشتن,اعتقاد داشتن,3
صدمهدیده,صدمه‌دیده,3
اسلحه,اسلحه,3
غفلت,غفلت,3
کعب,کعب,3
اعطاکردن,اعطا کردن,3
اسلام,اسلام,3
صرفشدن,صرف شدن,3
کنترلکردن,کنترل کردن,3
غرغره,غرغره,3
صناعت,صناعت,3
افراطی,افراطی,3
کشرفتن,کش رفتن,3
کشش,کشش,3
صمیمی,صمیمی,3
صنایعدستی,صنایع‌دستی,3
افریدگار,آفریدگار,3
شیعه,شیعه,3
افرینش,آفرینش,3
غربی,غربی,3
صندلی,صندلی,3
کنگره,کنگره,3
غریب,غریب,3
استعفا,استعفا,3
غریبه,غریبه,3
صفه,صفه,3
افتابپرست,آفتاب‌پرست,3
غریبی,غریبی,3
غرقکردن,غرق کردن,3
کنه,کنه,3
کنفی,کنفی,3
افتخاری,افتخاری,3
استشمامکردن,استشمام‌کردن,3
اسمانی,آسمانی,3
استخراج,استخراج,3
اشتقاق,اشتقاق,3
اشتباهی,اشتباهی,3
شکوفه,شکوفه,3
صافوصوف,صاف‌وصوف,3
شگرد,شگرد,3
اصفهان,اصفهان,3
صادق,صادق,3
صالح,صالح,3
اضافهکردن,اضافه کردن,3
شکلگرفتن,شکل گرفتن,3
کمتوان,کم‌توان,3
صبر,صبر,3
کمال,کمال,3
اشکارنمودن,آشکار نمودن,3
اشنا,آشنا,3
صاحبسخن,صاحب‌سخن,3
اشکارکردن,آشکار کردن,3
اشنایی,آشنایی,3
کلفت,کلفت,3
اشک,اشک,3
صاحبخانه,صاحب‌خانه,3
اشفته,آشفته,3
شگفتی,شگفتی,3
صاحبقدم,صاحب‌قدم,3
صاحبشدن,صاحب‌شدن,3
صحیحوسالم,صحیح‌وسالم,3
اسوده,آسوده,3
غلط,غلط,3
کفی,کفی,3
کمعمر,کم‌عمر,3
اعتدال,اعتدال,3
شکستهشدن,شکسته شدن,3
اسمی,اسمی,3
صدفی,صدفی,3
صدمه,صدمه,3
کفنودفنکردن,کفن‌ودفن‌کردن,3
اعتراض,اعتراض,3
اعتباری,اعتباری,3
شکلدادن,شکل دادن,3
کمرشد,کم‌رشد,3
کلاش,کلاش,3
صد,صد,3
اسیر,اسیر,3
کلاف,کلاف,3
شکلاتی,شکلاتی,3
اسودگی,آسودگی,3
اسیا,آسیا,3
غلظت,غلظت,3
اطلس,اطلس,3
صنعت,صنعت,3
عوضی,عوضی,3
کردن,کردن,3
عوض,عوض,3
عوضشدن,عوض شدن,3
کیسهکردن,کیسه کردن,3
ضدویروس,ضدویروس,3
شیدا,شیدا,3
فارس,فارس,3
ارگان,ارگان,3
ضربهخوردن,ضربه خوردن,3
ضربه,ضربه,3
شیبسنج,شیب‌سنج,3
ازادشدن,آزاد شدن,3
عین,عین,3
غیرواقعی,غیرواقعی,3
البرز,البرز,3
البانیایی,آلبانیایی,3
کوچهبازاری,کوچه‌بازاری,3
شیره,شیره,3
کرمان,کرمان,3
ضامن,ضامن,3
کوچککردن,کوچک کردن,3
کرمداشتن,کرم داشتن,3
فاتح,فاتح,3
کوژی,کوژی,3
کوژ,کوژ,3
عود,عود,3
کژدم,کژدم,3
ضمیمهکردن,ضمیمه کردن,3
ارزق,ارزق,3
ارزوکردن,آرزو کردن,3
کدیور,کدیور,3
ارش,ارش,3
النگودولنگ,النگ‌ودولنگ,3
عنایت,عنایت,3
فاطر,فاطر,3
گازدادن,گازدادن,3
طاغوت,طاغوت,3
الهی,الهی,3
المانی,آلمانی,3
اره,آره,3
ضعف,ضعف,3
کیوسک,کیوسک,3
الف,الف,3
ضرر,ضرر,3
کینه,کینه,3
فاسدشدن,فاسد شدن,3
ارشد,ارشد,3
ضمانت,ضمانت,3
ارم,آرم,3
ارمان,آرمان,3
صورتسازی,صورت‌سازی,3
افشاندن,افشاندن,3
کور,کور,3
کودکانه,کودکانه,3
کشاندن,کشاندن,3
استادکار,استادکار,3
استارتر,استارتر,3
افشاکردن,افشاکردن,3
کوزه,کوزه,3
اسانکردن,آسان کردن,3
کسب,کسب,3
اسب,اسب,3
اسباب,اسباب,3
اقوام,اقوام,3
کشته,کشته,3
افزونی,افزونی,3
استتار,استتار,3
غرا,غرا,3
غرب,غرب,3
کوتاهی,کوتاهی,3
استاندارد,استاندارد,3
کوتوله,کوتوله,3
استانه,آستانه,3
کشت,کشت,3
کوتاهکردن,کوتاه‌کردن,3
اس,آس,3
ازمودنی,آزمودنی,3
عکاسی,عکاسی,3
شیرینی,شیرینی,3
ازمودن,آزمودن,3
کوسه,کوسه,3
ازموده,آزموده,3
اقدام,اقدام,3
ازمون,آزمون,3
ازمایشکردن,آزمایش کردن,3
ازسرگرفتن,از سر گرفتن,3
کرونا,کرونا,3
صیاد,صیاد,3
ازمایش,آزمایش,3
کرکس,کرکس,3
ازپادراوردن,از پا درآوردن,3
اقاسی,آقاسی,3
غالب,غالب,3
کس,کس,3
کرک,کرک,3
ازمیانبردن,ازمیان بردن,3
اقتصادی,اقتصادی,3
کولون,کولون,3
اقتصاد,اقتصاد,3
ازهوشبردن,از هوش بردن,3
انگشتزدن,انگشت زدن,3
گچ,گچ,3
گیرایی,گیرایی,3
شهرداری,شهرداری,3
گیلاس,گیلاس,3
عشقی,عشقی,3
گیرافتادن,گیر افتادن,3
کاربنی,کاربنی,3
کاج,کاج,3
فرمانده,فرمانده,3
انقلابی,انقلابی,3
15 شعبان,15 شعبان,3
کاربر,کاربر,3
9 اذر,9 آذر,3
انی,آنی,3
گیسو,گیسو,3
عراقی,عراقی,3
13 ابان,13 آبان,3
15 اردیبهشت,15 اردیبهشت,3
گیرکردن,گیر کردن,3
فرع,فرع,3
19 فروردین,19 فروردین,3
گویا,گویا,3
گوهرشناس,گوهرشناس,3
عزیز,عزیز,3
عرضه,عرضه,3
10 ابان,10 آبان,3
عزا,عزا,3
انهدام,انهدام,3
فرفره,فرفره,3
عرضهداشتن,عرضه داشتن,3
29 بهمن,29 بهمن,3
گیر,گیر,3
گچی,گچی,3
25 اسفند,25 اسفند,3
عصاره,عصاره,3
10 اردیبهشت,10 اردیبهشت,3
کاربردی,کاربردی,3
1 دی,1 دی,3
